{"stats":{"minecraft:used":{"minecraft:bundle":1,"minecraft:stone_pickaxe":56,"minecraft:wooden_pickaxe":20,"minecraft:leather_boots":1,"minecraft:cobblestone":8,"mcdw:spear_spear":41,"minecraft:crafting_table":1,"mcda:archers_helmet":1},"minecraft:picked_up":{"mcda:archers_helmet":1,"minecraft:andesite":15,"mcdw:spear_spear":1,"minecraft:diamond_sword":1,"minecraft:potato":1,"minecraft:sand":1,"minecraft:diorite":6,"minecraft:dirt":5,"origins:orb_of_origin":1,"minecraft:moss_carpet":2,"minecraft:lapis_lazuli":2,"minecraft:mossy_cobblestone":6,"minecraft:leather_boots":1,"inmis:frayed_backpack":1,"blockus:marble":3,"minecraft:rotten_flesh":1,"regions_unexplored:mauve_sapling":2,"minecraft:apple":14,"regions_unexplored:fireweed":1,"regions_unexplored:mauve_log":9,"enderzoology:ender_fragment":1,"minecraft:beef":3,"minecraft:player_head":1,"minecraft:andesite_slab":1,"minecraft:cobblestone":36},"minecraft:custom":{"minecraft:time_since_rest":7404,"minecraft:sprint_one_cm":15658,"minecraft:damage_taken":1010,"minecraft:walk_one_cm":28019,"minecraft:mob_kills":3,"minecraft:drop":7,"minecraft:damage_dealt":506,"minecraft:damage_dealt_absorbed":325,"minecraft:interact_with_crafting_table":2,"minecraft:fly_one_cm":10949,"minecraft:crouch_one_cm":105,"minecraft:play_time":10040,"minecraft:deaths":4,"minecraft:sneak_time":44,"minecraft:jump":116,"minecraft:aviate_one_cm":447,"minecraft:damage_dealt_resisted":504,"minecraft:time_since_death":7365,"minecraft:total_world_time":10040,"minecraft:fall_one_cm":2665},"minecraft:dropped":{"origins:orb_of_origin":1,"inmis:frayed_backpack":1,"minecraft:leather_boots":1,"mcdw:spear_spear":1,"minecraft:apple":13,"mcda:archers_helmet":1,"minecraft:beef":3},"minecraft:killed_by":{"enderzoology:fallen_knight":2,"minecraft:zombie":2},"minecraft:killed":{"minecraft:zombie":2,"enderzoology:infested_zombie":1},"minecraft:crafted":{"regions_unexplored:mauve_planks":36,"minecraft:crafting_table":1,"minecraft:stone_pickaxe":1,"minecraft:wooden_pickaxe":1,"minecraft:wooden_axe":1,"minecraft:stone_axe":1},"minecraft:mined":{"regions_unexplored:mossy_stone":9,"minecraft:andesite":15,"regions_unexplored:mauve_leaves":1,"minecraft:grass":1,"minecraft:grass_block":1,"minecraft:dirt":4,"regions_unexplored:medium_grass":1,"regions_unexplored:mauve_log":9,"blockus:marble":3,"minecraft:stone":36,"minecraft:diorite":6,"regions_unexplored:fireweed":1}},"DataVersion":3465}