{"stats":{"minecraft:used":{"minecraft:water_bucket":2,"minecraft:bundle":2,"minecraft:stone_pickaxe":95,"minecraft:wooden_pickaxe":20,"minecraft:leather_boots":1,"mcdw:spear_spear":63,"minecraft:crafting_table":2,"mcda:archers_helmet":1,"minecraft:apple":8,"minecraft:cobblestone":30,"minecraft:furnace":1,"minecraft:bucket":3},"minecraft:picked_up":{"minecraft:creeper_head":1,"minecraft:andesite":18,"mcdw:spear_spear":1,"minecraft:diamond_sword":1,"minecraft:potato":1,"minecraft:lapis_lazuli":5,"minecraft:dirt":5,"minecraft:moss_carpet":2,"minecraft:raw_copper":8,"minecraft:leather_boots":1,"blockus:marble":17,"minecraft:apple":24,"minecraft:iron_ingot":1,"enderzoology:ender_fragment":1,"minecraft:beef":3,"minecraft:player_head":1,"minecraft:egg":1,"minecraft:raw_iron":2,"mcda:archers_helmet":1,"patchouli:guide_book":1,"minecraft:sand":1,"minecraft:diorite":6,"origins:orb_of_origin":1,"minecraft:mossy_cobblestone":7,"minecraft:firework_rocket":4,"inmis:frayed_backpack":1,"minecraft:rotten_flesh":1,"regions_unexplored:mauve_sapling":2,"regions_unexplored:fireweed":1,"regions_unexplored:mauve_log":9,"minecraft:andesite_slab":1,"minecraft:cobblestone":48},"minecraft:custom":{"minecraft:interact_with_furnace":5,"minecraft:mob_kills":3,"minecraft:interact_with_crafting_table":7,"minecraft:damage_dealt_resisted":780,"minecraft:time_since_death":19365,"minecraft:damage_resisted":0,"minecraft:time_since_rest":19404,"minecraft:sprint_one_cm":25616,"minecraft:damage_taken":1242,"minecraft:walk_one_cm":71699,"minecraft:drop":8,"minecraft:damage_dealt":681,"minecraft:damage_dealt_absorbed":561,"minecraft:fly_one_cm":16769,"minecraft:crouch_one_cm":335,"minecraft:play_time":22040,"minecraft:deaths":4,"minecraft:walk_under_water_one_cm":2086,"minecraft:sneak_time":105,"minecraft:aviate_one_cm":16516,"minecraft:jump":287,"minecraft:walk_on_water_one_cm":581,"minecraft:total_world_time":22040,"minecraft:fall_one_cm":3869},"minecraft:dropped":{"inmis:frayed_backpack":1,"minecraft:apple":13,"mcda:archers_helmet":1,"patchouli:guide_book":1,"origins:orb_of_origin":1,"minecraft:leather_boots":1,"mcdw:spear_spear":1,"minecraft:beef":3},"minecraft:killed_by":{"enderzoology:fallen_knight":2,"minecraft:zombie":2},"minecraft:killed":{"minecraft:zombie":2,"enderzoology:infested_zombie":1},"minecraft:crafted":{"minecraft:crafting_table":2,"minecraft:wooden_pickaxe":1,"minecraft:furnace":1,"minecraft:bucket":1,"minecraft:stone_axe":1,"regions_unexplored:mauve_planks":36,"minecraft:iron_ingot":3,"minecraft:stone_pickaxe":1,"minecraft:wooden_axe":1},"minecraft:mined":{"minecraft:grass_block":1,"minecraft:copper_ore":3,"regions_unexplored:mauve_log":9,"blockus:marble":17,"minecraft:diorite":6,"minecraft:iron_ore":2,"regions_unexplored:mossy_stone":9,"minecraft:andesite":18,"regions_unexplored:mauve_leaves":1,"minecraft:grass":1,"minecraft:dirt":4,"regions_unexplored:medium_grass":1,"minecraft:stone":53,"regions_unexplored:fireweed":1}},"DataVersion":3465}