{"stats":{"minecraft:used":{"minecraft:zombie_head":2,"minecraft:bundle":1,"minecraft:stone_pickaxe":2,"minecraft:wooden_pickaxe":4,"minecraft:leather_boots":1,"minecraft:player_head":1,"mcdw:spear_spear":39,"minecraft:dirt":3,"mcda:archers_helmet":1,"minecraft:egg":1},"minecraft:picked_up":{"mcda:archers_helmet":1,"mcdw:spear_spear":1,"minecraft:brown_mushroom":1,"minecraft:red_mushroom":1,"minecraft:potato":10,"minecraft:lapis_lazuli":1,"minecraft:spruce_log":4,"minecraft:carrot":6,"origins:orb_of_origin":1,"minecraft:redstone":8,"minecraft:string":4,"minecraft:mossy_cobblestone":1,"minecraft:dirt":31,"minecraft:leather_boots":1,"inmis:frayed_backpack":1,"regions_unexplored:hyssop":1,"minecraft:zombie_head":2,"minecraft:rotten_flesh":22,"minecraft:apple":13,"regions_unexplored:fireweed":2,"minecraft:diamond":2,"minecraft:wheat_seeds":1,"regions_unexplored:mauve_log":2,"minecraft:soul_lantern":1,"minecraft:beef":3,"minecraft:redstone_ore":1,"minecraft:cobweb":3,"minecraft:player_head":2,"minecraft:black_wool":1,"minecraft:mutton":1,"minecraft:andesite_slab":1,"minecraft:skeleton_skull":1,"minecraft:cobblestone":6,"minecraft:egg":1},"minecraft:custom":{"minecraft:time_since_rest":6975,"lootr:looted_stat":1,"minecraft:sprint_one_cm":29202,"minecraft:damage_taken":804,"minecraft:walk_one_cm":15171,"minecraft:interact_with_anvil":1,"minecraft:mob_kills":5,"minecraft:drop":10,"minecraft:damage_dealt":781,"minecraft:damage_dealt_absorbed":478,"minecraft:interact_with_crafting_table":4,"minecraft:fly_one_cm":57902,"minecraft:crouch_one_cm":1425,"minecraft:deaths":3,"minecraft:play_time":16371,"minecraft:sneak_time":490,"minecraft:jump":208,"minecraft:damage_dealt_resisted":722,"minecraft:time_since_death":4115,"minecraft:total_world_time":16371,"minecraft:fall_one_cm":4581},"minecraft:dropped":{"origins:orb_of_origin":1,"minecraft:player_head":1,"inmis:frayed_backpack":1,"minecraft:bundle":1,"minecraft:andesite_slab":1,"minecraft:leather_boots":1,"mcdw:spear_spear":1,"minecraft:apple":13,"mcda:archers_helmet":1,"minecraft:beef":3},"minecraft:killed_by":{"enderzoology:fallen_knight":1,"minecraft:spider":1,"minecraft:zombie":1},"minecraft:crafted":{"regions_unexplored:mauve_planks":8,"minecraft:stone_pickaxe":1,"minecraft:stick":20,"minecraft:spruce_planks":16,"minecraft:wooden_pickaxe":1},"minecraft:killed":{"minecraft:sheep":1,"minecraft:zombie":3,"minecraft:spider":1},"minecraft:mined":{"minecraft:spruce_log":4,"minecraft:grass_block":2,"minecraft:dirt":3,"minecraft:stone":6}},"DataVersion":3465}