{"stats":{"minecraft:used":{"minecraft:bundle":1,"minecraft:stone_pickaxe":68,"minecraft:spruce_planks":1,"minecraft:wooden_pickaxe":4,"minecraft:leather_boots":1,"minecraft:player_head":1,"minecraft:torch":2,"mcdw:spear_spear":51,"minecraft:dirt":11,"minecraft:carrot":2,"mcda:archers_helmet":1,"minecraft:granite":1,"minecraft:apple":3,"minecraft:zombie_head":4,"minecraft:furnace":1,"blockus:marble":3,"minecraft:egg":1,"minecraft:cooked_beef":1},"minecraft:picked_up":{"minecraft:andesite":1,"mcdw:spear_spear":1,"minecraft:brown_mushroom":1,"minecraft:red_mushroom":1,"minecraft:potato":11,"minecraft:lapis_lazuli":11,"minecraft:dirt":40,"minecraft:string":4,"minecraft:leather_boots":1,"minecraft:zombie_head":4,"blockus:marble":10,"minecraft:apple":13,"minecraft:wheat_seeds":1,"minecraft:beef":3,"minecraft:iron_ingot":2,"minecraft:cobweb":3,"minecraft:player_head":3,"minecraft:egg":1,"minecraft:raw_iron":16,"mcda:archers_helmet":1,"patchouli:guide_book":1,"minecraft:torch":1,"minecraft:sand":5,"minecraft:carrot":7,"minecraft:spruce_log":4,"origins:orb_of_origin":1,"minecraft:redstone":8,"minecraft:mossy_cobblestone":1,"regions_unexplored:hyssop":2,"inmis:frayed_backpack":1,"minecraft:rotten_flesh":27,"regions_unexplored:fireweed":4,"minecraft:diamond":2,"minecraft:soul_lantern":1,"regions_unexplored:mauve_log":2,"minecraft:granite":1,"minecraft:redstone_ore":1,"minecraft:black_wool":1,"minecraft:mutton":1,"minecraft:coal":17,"minecraft:skeleton_skull":2,"minecraft:andesite_slab":1,"minecraft:cobblestone":41},"minecraft:custom":{"minecraft:interact_with_furnace":16,"lootr:looted_stat":1,"minecraft:mob_kills":8,"minecraft:interact_with_anvil":1,"minecraft:interact_with_crafting_table":8,"minecraft:damage_dealt_resisted":931,"minecraft:time_since_death":5061,"minecraft:time_since_rest":5085,"minecraft:sprint_one_cm":69031,"minecraft:damage_taken":1679,"minecraft:walk_one_cm":38458,"minecraft:drop":27,"minecraft:damage_dealt":1245,"minecraft:damage_dealt_absorbed":478,"minecraft:fly_one_cm":97410,"minecraft:crouch_one_cm":8007,"minecraft:play_time":28371,"minecraft:deaths":4,"minecraft:sneak_time":3022,"minecraft:jump":442,"minecraft:total_world_time":28371,"minecraft:fall_one_cm":11523},"minecraft:dropped":{"minecraft:brown_mushroom":1,"regions_unexplored:fireweed":4,"minecraft:wheat_seeds":1,"inmis:frayed_backpack":1,"minecraft:player_head":2,"minecraft:mossy_cobblestone":1,"minecraft:andesite_slab":1,"minecraft:apple":23,"mcda:archers_helmet":1,"regions_unexplored:hyssop":2,"patchouli:guide_book":1,"minecraft:red_mushroom":1,"origins:orb_of_origin":1,"minecraft:skeleton_skull":2,"minecraft:bundle":1,"minecraft:andesite":1,"minecraft:leather_boots":1,"mcdw:spear_spear":1,"minecraft:beef":3,"minecraft:iron_pickaxe":1},"minecraft:killed_by":{"enderzoology:fallen_knight":1,"minecraft:creeper":1,"minecraft:spider":1,"minecraft:zombie":1},"minecraft:killed":{"minecraft:spider":1,"minecraft:creeper":1,"minecraft:sheep":1,"minecraft:zombie":5},"minecraft:crafted":{"minecraft:cooked_beef":3,"minecraft:spruce_planks":16,"minecraft:wooden_pickaxe":1,"minecraft:furnace":1,"minecraft:bucket":2,"minecraft:cooked_mutton":1,"minecraft:air":0,"regions_unexplored:mauve_planks":8,"minecraft:stick":20,"minecraft:iron_ingot":12,"minecraft:iron_pickaxe":2,"minecraft:stone_pickaxe":1,"minecraft:torch":28},"minecraft:mined":{"minecraft:granite":1,"minecraft:grass_block":5,"blockus:marble":4,"minecraft:iron_ore":16,"minecraft:spruce_log":4,"minecraft:coal_ore":21,"minecraft:dirt":8,"minecraft:stone":27}},"DataVersion":3465}