{"stats":{"minecraft:used":{"minecraft:bundle":1,"minecraft:stone_pickaxe":23,"minecraft:wooden_pickaxe":18,"minecraft:leather_boots":1,"minecraft:stone_axe":1,"minecraft:crafting_table":1,"minecraft:furnace":1,"mcda:archers_helmet":1},"minecraft:picked_up":{"minecraft:crafting_table":1,"minecraft:raw_iron":1,"mcda:archers_helmet":1,"croptopia:tomatillo_seed":1,"mcdw:spear_spear":1,"minecraft:oak_log":3,"origins:orb_of_origin":1,"minecraft:lapis_lazuli":1,"minecraft:leather_boots":1,"inmis:frayed_backpack":1,"minecraft:apple":13,"croptopia:tomatillo":1,"minecraft:beef":3,"minecraft:emerald":1,"minecraft:coal":12,"minecraft:cobblestone":27,"minecraft:furnace":1},"minecraft:custom":{"minecraft:time_since_rest":7945,"minecraft:interact_with_furnace":3,"minecraft:sprint_one_cm":11017,"minecraft:damage_taken":20,"minecraft:walk_one_cm":7561,"minecraft:drop":10,"minecraft:interact_with_crafting_table":6,"minecraft:fly_one_cm":21378,"minecraft:crouch_one_cm":3718,"minecraft:play_time":7945,"minecraft:sneak_time":871,"minecraft:jump":106,"minecraft:leave_game":1,"minecraft:time_since_death":7945,"minecraft:total_world_time":7945,"minecraft:climb_one_cm":15724,"minecraft:fall_one_cm":3628},"minecraft:dropped":{"origins:orb_of_origin":1,"inmis:frayed_backpack":1,"minecraft:bundle":1,"minecraft:leather_boots":1,"croptopia:tomatillo":1,"mcdw:spear_spear":1,"croptopia:tomatillo_seed":1,"minecraft:apple":13,"mcda:archers_helmet":1,"minecraft:beef":3},"minecraft:crafted":{"minecraft:oak_planks":12,"minecraft:crafting_table":2,"minecraft:wooden_pickaxe":1,"minecraft:stone_pickaxe":1,"minecraft:furnace":1,"minecraft:stone_axe":1},"minecraft:mined":{"minecraft:furnace":1,"minecraft:iron_ore":1,"croptopia:tomatillo_crop":1,"minecraft:crafting_table":1,"minecraft:coal_ore":12,"minecraft:oak_log":3,"minecraft:stone":27,"minecraft:oak_leaves":5}},"DataVersion":3465}