{"stats":{"minecraft:used":{"minecraft:bundle":1,"minecraft:leather_boots":1,"mcdw:spear_spear":27,"minecraft:dirt":2,"mcda:archers_helmet":1},"minecraft:picked_up":{"mcda:archers_helmet":1,"mcdw:spear_spear":1,"minecraft:brown_mushroom":1,"minecraft:red_mushroom":1,"minecraft:potato":9,"minecraft:carrot":6,"origins:orb_of_origin":1,"minecraft:redstone":8,"minecraft:string":4,"minecraft:mossy_cobblestone":1,"minecraft:dirt":28,"minecraft:leather_boots":1,"inmis:frayed_backpack":1,"regions_unexplored:hyssop":1,"minecraft:zombie_head":1,"minecraft:rotten_flesh":18,"minecraft:apple":13,"regions_unexplored:fireweed":2,"minecraft:diamond":2,"minecraft:wheat_seeds":1,"regions_unexplored:mauve_log":2,"minecraft:soul_lantern":1,"minecraft:beef":3,"minecraft:redstone_ore":1,"minecraft:cobweb":3,"minecraft:player_head":1,"minecraft:andesite_slab":1,"minecraft:skeleton_skull":1},"minecraft:custom":{"minecraft:time_since_rest":1377,"lootr:looted_stat":1,"minecraft:sprint_one_cm":5709,"minecraft:damage_taken":550,"minecraft:walk_one_cm":7618,"minecraft:interact_with_anvil":1,"minecraft:mob_kills":3,"minecraft:drop":8,"minecraft:damage_dealt":558,"minecraft:damage_dealt_absorbed":359,"minecraft:fly_one_cm":8181,"minecraft:deaths":2,"minecraft:play_time":4371,"minecraft:jump":36,"minecraft:damage_dealt_resisted":503,"minecraft:time_since_death":523,"minecraft:total_world_time":4371,"minecraft:fall_one_cm":703},"minecraft:dropped":{"origins:orb_of_origin":1,"inmis:frayed_backpack":1,"minecraft:bundle":1,"minecraft:leather_boots":1,"mcdw:spear_spear":1,"minecraft:apple":13,"mcda:archers_helmet":1,"minecraft:beef":3},"minecraft:killed_by":{"minecraft:spider":1,"minecraft:zombie":1},"minecraft:killed":{"minecraft:zombie":2,"minecraft:spider":1},"minecraft:mined":{"minecraft:grass_block":1,"minecraft:dirt":1}},"DataVersion":3465}