{
  "mcda:recipes/base_armors/guards_armor_chestplate": {
    "criteria": {
      "has_iron_ingot": "2024-07-28 05:19:09 +0000"
    },
    "done": true
  },
  "regions_unexplored:recipes/transportation/maple_boat": {
    "criteria": {
      "in_water": "2024-07-28 05:21:51 +0000"
    },
    "done": true
  },
  "mutantmonsters:root": {
    "criteria": {
      "killed_by_something": "2024-07-28 05:05:28 +0000"
    },
    "done": true
  },
  "stoneworks:recipes/building_blocks/cobbled_diorite_wall_from_diorite_stonecutting": {
    "criteria": {
      "has_diorite": "2024-07-28 05:11:43 +0000"
    },
    "done": true
  },
  "extrasponges:recipes/gold_sponge": {
    "criteria": {
      "has_the_recipe": "2024-07-28 05:19:09 +0000"
    },
    "done": true
  },
  "compressedblocks:recipes/misc/shaped_crated_potato": {
    "criteria": {
      "has_item": "2024-07-28 05:11:34 +0000"
    },
    "done": true
  },
  "mcda:recipes/base_armors/ghostly_boots": {
    "criteria": {
      "has_iron_ingot": "2024-07-28 05:19:09 +0000"
    },
    "done": true
  },
  "mcda:recipes/base_armors/mystery_armor_blue_boots": {
    "criteria": {
      "has_iron_ingot": "2024-07-28 05:19:09 +0000"
    },
    "done": true
  },
  "mcda:recipes/crafting_items/fabric_bolt_yellow": {
    "criteria": {
      "has_stick": "2024-07-28 05:09:34 +0000"
    },
    "done": true
  },
  "blockus:recipes/building_blocks/small_marble_bricks_from_marble_stonecutting": {
    "criteria": {
      "has_marble": "2024-07-28 05:12:08 +0000"
    },
    "done": true
  },
  "stoneworks:recipes/building_blocks/mossy_cobbled_andesite_from_andesite_stonecutting": {
    "criteria": {
      "has_andesite": "2024-07-28 05:11:53 +0000"
    },
    "done": true
  },
  "stoneworks:recipes/building_blocks/andesite_tiles_from_andesite_stonecutting": {
    "criteria": {
      "has_andesite": "2024-07-28 05:11:53 +0000"
    },
    "done": true
  },
  "minecraft:recipes/building_blocks/polished_diorite": {
    "criteria": {
      "has_diorite": "2024-07-28 05:11:43 +0000"
    },
    "done": true
  },
  "minecraft:recipes/building_blocks/raw_iron_block": {
    "criteria": {
      "has_raw_iron": "2024-07-28 05:15:24 +0000"
    },
    "done": true
  },
  "regions_unexplored:recipes/building_blocks/mauve_stairs": {
    "criteria": {
      "has_mauve_planks": "2024-07-28 05:09:15 +0000"
    },
    "done": true
  },
  "minecraft:recipes/combat/iron_helmet": {
    "criteria": {
      "has_iron_ingot": "2024-07-28 05:19:09 +0000"
    },
    "done": true
  },
  "adorn:recipes/crate": {
    "criteria": {
      "has_key_item_0": "2024-07-28 05:09:15 +0000"
    },
    "done": true
  },
  "blockus:recipes/building_blocks/polished_marble": {
    "criteria": {
      "has_marble": "2024-07-28 05:12:08 +0000"
    },
    "done": true
  },
  "mcda:recipes/crafting_items/fabric_bolt_brown": {
    "criteria": {
      "has_stick": "2024-07-28 05:09:34 +0000"
    },
    "done": true
  },
  "croptopia:recipes/potato_chips": {
    "criteria": {
      "has_potato": "2024-07-28 05:11:34 +0000"
    },
    "done": true
  },
  "regions_unexplored:recipes/transportation/magnolia_boat": {
    "criteria": {
      "in_water": "2024-07-28 05:21:51 +0000"
    },
    "done": true
  },
  "mcdw:recipes/hammers/hammer_stormlander": {
    "criteria": {
      "has_creeper_head": "2024-07-28 05:21:51 +0000"
    },
    "done": true
  },
  "darkrpg:zombie": {
    "criteria": {
      "darkrpg_zombie": "2024-07-28 05:07:43 +0000"
    },
    "done": false
  },
  "blockus:recipes/building_blocks/andesite_bricks_from_andesite_stonecutting": {
    "criteria": {
      "has_andesite": "2024-07-28 05:11:53 +0000"
    },
    "done": true
  },
  "mcda:recipes/base_armors/goat_gear_boots": {
    "criteria": {
      "has_leather_boots": "2024-07-28 05:05:50 +0000"
    },
    "done": true
  },
  "blockus:recipes/building_blocks/soaked_bricks": {
    "criteria": {
      "has_water_bucket": "2024-07-28 05:21:56 +0000"
    },
    "done": true
  },
  "regions_unexplored:recipes/building_blocks/brown_painted_planks": {
    "criteria": {
      "has_planks": "2024-07-28 05:09:15 +0000"
    },
    "done": true
  },
  "minecraft:recipes/decorations/crafting_table": {
    "criteria": {
      "unlock_right_away": "2024-07-28 05:04:51 +0000"
    },
    "done": true
  },
  "minecraft:recipes/decorations/chest": {
    "criteria": {
      "has_lots_of_items": "2024-07-28 05:05:50 +0000"
    },
    "done": true
  },
  "stoneworks:recipes/building_blocks/cobbled_diorite_slab_from_diorite_stonecutting": {
    "criteria": {
      "has_diorite": "2024-07-28 05:11:43 +0000"
    },
    "done": true
  },
  "stoneworks:recipes/building_blocks/andesite_pavers_from_andesite_stonecutting": {
    "criteria": {
      "has_andesite": "2024-07-28 05:11:53 +0000"
    },
    "done": true
  },
  "stoneworks:recipes/building_blocks/diorite_bricks_from_diorite_stonecutting": {
    "criteria": {
      "has_diorite": "2024-07-28 05:11:43 +0000"
    },
    "done": true
  },
  "stoneworks:recipes/building_blocks/diorite_shingle_slab_from_diorite_stonecutting": {
    "criteria": {
      "has_diorite": "2024-07-28 05:11:43 +0000"
    },
    "done": true
  },
  "adorn:recipes/iron_shelf": {
    "criteria": {
      "has_iron_ingot": "2024-07-28 05:19:09 +0000"
    },
    "done": true
  },
  "compressedblocks:recipes/building_blocks/shaped_c0_sand": {
    "criteria": {
      "has_item": "2024-07-28 05:11:14 +0000"
    },
    "done": true
  },
  "blockus:recipes/building_blocks/small_marble_brick_wall_from_marble_stonecutting": {
    "criteria": {
      "has_marble": "2024-07-28 05:12:08 +0000"
    },
    "done": true
  },
  "darkrpg:info_story": {
    "criteria": {
      "darkrpg_info_extras": "2024-07-28 05:04:51 +0000"
    },
    "done": true
  },
  "regions_unexplored:recipes/building_blocks/cyan_painted_planks": {
    "criteria": {
      "has_planks": "2024-07-28 05:09:15 +0000"
    },
    "done": true
  },
  "mcdw:recipes/shields/shield_tower_guard": {
    "criteria": {
      "has_iron_ingot": "2024-07-28 05:19:09 +0000"
    },
    "done": true
  },
  "stoneworks:recipes/building_blocks/diorite_tile_stairs_from_diorite_stonecutting": {
    "criteria": {
      "has_diorite": "2024-07-28 05:11:43 +0000"
    },
    "done": true
  },
  "mcda:recipes/base_armors/mystery_armor_white_leggings": {
    "criteria": {
      "has_iron_ingot": "2024-07-28 05:19:09 +0000"
    },
    "done": true
  },
  "mcda:recipes/crafting_items/iron_plate": {
    "criteria": {
      "has_iron_ingot": "2024-07-28 05:19:09 +0000"
    },
    "done": true
  },
  "blockus:recipes/building_blocks/marble_pillar_from_marble_stonecutting": {
    "criteria": {
      "has_marble": "2024-07-28 05:12:08 +0000"
    },
    "done": true
  },
  "minecraft:recipes/building_blocks/diorite_stairs_from_diorite_stonecutting": {
    "criteria": {
      "has_diorite": "2024-07-28 05:11:43 +0000"
    },
    "done": true
  },
  "advancednetherite:recipes/netherite_diamond_block": {
    "criteria": {
      "has_ingredients": "2024-07-28 05:04:51 +0000"
    },
    "done": true
  },
  "minecraft:recipes/combat/iron_boots": {
    "criteria": {
      "has_iron_ingot": "2024-07-28 05:19:09 +0000"
    },
    "done": true
  },
  "mcdw:recipes/swords/sword_rapier": {
    "criteria": {
      "has_iron_ingot": "2024-07-28 05:19:09 +0000"
    },
    "done": true
  },
  "blockus:recipes/building_blocks/andesite_brick_stairs_from_andesite_stonecutting": {
    "criteria": {
      "has_andesite": "2024-07-28 05:11:53 +0000"
    },
    "done": true
  },
  "mcdw:recipes/axes/axe_highland": {
    "criteria": {
      "has_iron_ingot": "2024-07-28 05:19:09 +0000"
    },
    "done": true
  },
  "blockus:recipes/building_blocks/polished_diorite_pillar_from_diorite_stonecutting": {
    "criteria": {
      "has_diorite": "2024-07-28 05:11:43 +0000"
    },
    "done": true
  },
  "mcdw:recipes/shortbows/bow_mechanical_shortbow": {
    "criteria": {
      "has_iron_ingot": "2024-07-28 05:19:09 +0000"
    },
    "done": true
  },
  "mcdw:recipes/spears/spear_fortune": {
    "criteria": {
      "has_base": "2024-07-28 05:05:50 +0000"
    },
    "done": true
  },
  "regions_unexplored:recipes/redstone/mauve_door": {
    "criteria": {
      "has_mauve_planks": "2024-07-28 05:09:15 +0000"
    },
    "done": true
  },
  "mcda:recipes/base_armors/ghostly_leggings": {
    "criteria": {
      "has_iron_ingot": "2024-07-28 05:19:09 +0000"
    },
    "done": true
  },
  "blockus:recipes/building_blocks/andesite_circular_paving_from_andesite_stonecutting": {
    "criteria": {
      "has_andesite": "2024-07-28 05:11:53 +0000"
    },
    "done": true
  },
  "stoneworks:recipes/building_blocks/andesite_brick_wall_from_andesite_stonecutting": {
    "criteria": {
      "has_andesite": "2024-07-28 05:11:53 +0000"
    },
    "done": true
  },
  "advancednetherite:recipes/misc/netherite_diamond_ingot": {
    "criteria": {
      "has_the_recipe": "2024-07-28 05:04:51 +0000"
    },
    "done": true
  },
  "minecraft:recipes/building_blocks/cobblestone_slab": {
    "criteria": {
      "has_cobblestone": "2024-07-28 05:09:57 +0000"
    },
    "done": true
  },
  "mcda:recipes/base_armors/piglin_armor_chestplate": {
    "criteria": {
      "has_iron_ingot": "2024-07-28 05:19:09 +0000"
    },
    "done": true
  },
  "stoneworks:recipes/building_blocks/diorite_brick_stairs_from_diorite_stonecutting": {
    "criteria": {
      "has_diorite": "2024-07-28 05:11:43 +0000"
    },
    "done": true
  },
  "minecraft:recipes/combat/wooden_sword": {
    "criteria": {
      "has_stick": "2024-07-28 05:09:34 +0000"
    },
    "done": true
  },
  "croptopia:recipes/misc/knife": {
    "criteria": {
      "has_iron": "2024-07-28 05:19:09 +0000"
    },
    "done": true
  },
  "betterdungeons:root": {
    "criteria": {
      "always": "2024-07-28 05:04:51 +0000"
    },
    "done": true
  },
  "regions_unexplored:recipes/building_blocks/orange_painted_planks": {
    "criteria": {
      "has_planks": "2024-07-28 05:09:15 +0000"
    },
    "done": true
  },
  "mcda:recipes/crafting_items/fabric_bolt_gray": {
    "criteria": {
      "has_stick": "2024-07-28 05:09:34 +0000"
    },
    "done": true
  },
  "minecraft:recipes/building_blocks/cobblestone_stairs": {
    "criteria": {
      "has_cobblestone": "2024-07-28 05:09:57 +0000"
    },
    "done": true
  },
  "mcda:recipes/crafting_items/fabric_bolt_red": {
    "criteria": {
      "has_stick": "2024-07-28 05:09:34 +0000"
    },
    "done": true
  },
  "mcdw:recipes/crossbows/crossbow_veiled_crossbow": {
    "criteria": {
      "has_iron_ingot": "2024-07-28 05:19:09 +0000"
    },
    "done": true
  },
  "stoneworks:recipes/building_blocks/diorite_shingle_wall_from_diorite_stonecutting": {
    "criteria": {
      "has_diorite": "2024-07-28 05:11:43 +0000"
    },
    "done": true
  },
  "mcdw:recipes/bows/bow_nocturnal_bow": {
    "criteria": {
      "has_iron_ingot": "2024-07-28 05:19:09 +0000"
    },
    "done": true
  },
  "mcdw:recipes/shortbows/bow_purple_storm": {
    "criteria": {
      "has_iron_ingot": "2024-07-28 05:19:09 +0000"
    },
    "done": true
  },
  "blockus:recipes/building_blocks/iron_plating": {
    "criteria": {
      "has_iron_ingot": "2024-07-28 05:19:09 +0000"
    },
    "done": true
  },
  "extrasponges:recipes/iron_sponge": {
    "criteria": {
      "has_iron_ingot": "2024-07-28 05:19:09 +0000"
    },
    "done": true
  },
  "regions_unexplored:recipes/building_blocks/mossy_stone_from_smelting_mossy_cobblestone": {
    "criteria": {
      "has_mossy_cobblestone": "2024-07-28 05:09:59 +0000"
    },
    "done": true
  },
  "minecraft:recipes/building_blocks/pink_concrete_powder": {
    "criteria": {
      "has_sand": "2024-07-28 05:11:14 +0000"
    },
    "done": true
  },
  "minecraft:recipes/food/baked_potato_from_campfire_cooking": {
    "criteria": {
      "has_potato": "2024-07-28 05:11:34 +0000"
    },
    "done": true
  },
  "blockus:recipes/building_blocks/chiseled_andesite_bricks_from_andesite_stonecutting": {
    "criteria": {
      "has_andesite": "2024-07-28 05:11:53 +0000"
    },
    "done": true
  },
  "mcdw:recipes/crossbows/crossbow_slicer": {
    "criteria": {
      "has_iron_ingot": "2024-07-28 05:19:09 +0000"
    },
    "done": true
  },
  "minecraft:recipes/combat/stone_sword": {
    "criteria": {
      "has_cobblestone": "2024-07-28 05:09:57 +0000"
    },
    "done": true
  },
  "minecraft:recipes/decorations/cobblestone_wall": {
    "criteria": {
      "has_cobblestone": "2024-07-28 05:09:57 +0000"
    },
    "done": true
  },
  "minecraft:recipes/tools/stone_axe": {
    "criteria": {
      "has_cobblestone": "2024-07-28 05:09:57 +0000"
    },
    "done": true
  },
  "mcdw:recipes/shields/shield_vanguard": {
    "criteria": {
      "has_planks": "2024-07-28 05:09:15 +0000"
    },
    "done": true
  },
  "minecraft:recipes/misc/bucket": {
    "criteria": {
      "has_iron_ingot": "2024-07-28 05:19:09 +0000"
    },
    "done": true
  },
  "minecraft:recipes/building_blocks/diorite_slab": {
    "criteria": {
      "has_diorite": "2024-07-28 05:11:43 +0000"
    },
    "done": true
  },
  "mcda:recipes/base_armors/dark_armor_boots": {
    "criteria": {
      "has_iron_ingot": "2024-07-28 05:19:09 +0000"
    },
    "done": true
  },
  "regions_unexplored:recipes/building_blocks/green_painted_planks": {
    "criteria": {
      "has_planks": "2024-07-28 05:09:15 +0000"
    },
    "done": true
  },
  "blockus:recipes/building_blocks/polished_marble_slab_from_marble_stonecutting": {
    "criteria": {
      "has_marble": "2024-07-28 05:12:08 +0000"
    },
    "done": true
  },
  "immersive_armors:recipes/misc/wooden": {
    "criteria": {
      "has_item": "2024-07-28 05:06:28 +0000"
    },
    "done": true
  },
  "stoneworks:recipes/building_blocks/mossy_cobbled_andesite_slab_from_andesite_stonecutting": {
    "criteria": {
      "has_andesite": "2024-07-28 05:11:53 +0000"
    },
    "done": true
  },
  "mcdw:recipes/bows/bow_trickbow": {
    "criteria": {
      "has_iron_ingot": "2024-07-28 05:19:09 +0000"
    },
    "done": true
  },
  "mcda:recipes/upgrade_cores/upgrade_core_verdant": {
    "criteria": {
      "has_core_specification_item": "2024-07-28 05:09:03 +0000"
    },
    "done": true
  },
  "mcdw:recipes/scythes/scythe_soul_scythe": {
    "criteria": {
      "has_iron_ingot": "2024-07-28 05:19:09 +0000"
    },
    "done": true
  },
  "blockus:recipes/building_blocks/diorite_circular_paving_from_diorite_stonecutting": {
    "criteria": {
      "has_diorite": "2024-07-28 05:11:43 +0000"
    },
    "done": true
  },
  "spectrum:midgame/collect_all_mob_heads": {
    "criteria": {
      "has_creeper_head": "2024-07-28 05:21:51 +0000"
    },
    "done": false
  },
  "croptopia:recipes/fruit_smoothie": {
    "criteria": {
      "has_fruit": "2024-07-28 05:05:50 +0000"
    },
    "done": true
  },
  "blockus:recipes/misc/ender_pearl": {
    "criteria": {
      "has_the_recipe": "2024-07-28 05:07:17 +0000"
    },
    "done": true
  },
  "mcda:recipes/crafting_items/fabric_bolt_magenta": {
    "criteria": {
      "has_stick": "2024-07-28 05:09:34 +0000"
    },
    "done": true
  },
  "croptopia:recipes/cheeseburger": {
    "criteria": {
      "has_beef": "2024-07-28 05:05:50 +0000"
    },
    "done": true
  },
  "compressedblocks:recipes/misc/shaped_crated_egg": {
    "criteria": {
      "has_item": "2024-07-28 05:14:09 +0000"
    },
    "done": true
  },
  "enderzoology:recipes/redstone/ender_charge": {
    "criteria": {
      "has_ender_fragment": "2024-07-28 05:07:17 +0000"
    },
    "done": true
  },
  "minecraft:recipes/building_blocks/white_concrete_powder": {
    "criteria": {
      "has_sand": "2024-07-28 05:11:14 +0000"
    },
    "done": true
  },
  "compressedblocks:addiction/root": {
    "criteria": {
      "crafting_table": "2024-07-28 05:09:34 +0000"
    },
    "done": true
  },
  "inmis:frayed_backpack": {
    "criteria": {
      "backpack": "2024-07-28 05:05:50 +0000"
    },
    "done": true
  },
  "stoneworks:recipes/building_blocks/andesite_plate_wall_from_andesite_stonecutting": {
    "criteria": {
      "has_andesite": "2024-07-28 05:11:53 +0000"
    },
    "done": true
  },
  "regions_unexplored:recipes/transportation/socotra_boat": {
    "criteria": {
      "in_water": "2024-07-28 05:21:51 +0000"
    },
    "done": true
  },
  "blockus:recipes/building_blocks/marble_tiles_from_marble_stonecutting": {
    "criteria": {
      "has_marble": "2024-07-28 05:12:08 +0000"
    },
    "done": true
  },
  "stoneworks:recipes/building_blocks/mossy_andesite_brick_wall_from_andesite_stonecutting": {
    "criteria": {
      "has_andesite": "2024-07-28 05:11:53 +0000"
    },
    "done": true
  },
  "mcdw:recipes/swords/sword_great_axeblade": {
    "criteria": {
      "has_iron_ingot": "2024-07-28 05:19:09 +0000"
    },
    "done": true
  },
  "stoneworks:recipes/building_blocks/cracked_andesite_bricks_from_andesite_stonecutting": {
    "criteria": {
      "has_andesite": "2024-07-28 05:11:53 +0000"
    },
    "done": true
  },
  "minecraft:recipes/decorations/diorite_wall": {
    "criteria": {
      "has_diorite": "2024-07-28 05:11:43 +0000"
    },
    "done": true
  },
  "blockus:recipes/building_blocks/marble_brick_stairs_from_marble_stonecutting": {
    "criteria": {
      "has_marble": "2024-07-28 05:12:08 +0000"
    },
    "done": true
  },
  "blockus:recipes/building_blocks/marble_circular_paving_from_marble_stonecutting": {
    "criteria": {
      "has_marble": "2024-07-28 05:12:08 +0000"
    },
    "done": true
  },
  "adorn:recipes/andesite_step": {
    "criteria": {
      "has_slab": "2024-07-28 05:10:58 +0000"
    },
    "done": true
  },
  "adorn:recipes/diorite_post": {
    "criteria": {
      "has_diorite": "2024-07-28 05:11:43 +0000"
    },
    "done": true
  },
  "regions_unexplored:recipes/building_blocks/purple_painted_planks": {
    "criteria": {
      "has_planks": "2024-07-28 05:09:15 +0000"
    },
    "done": true
  },
  "betterdeserttemples:root": {
    "criteria": {
      "always": "2024-07-28 05:04:51 +0000"
    },
    "done": true
  },
  "blockus:recipes/building_blocks/marble_stairs": {
    "criteria": {
      "has_marble": "2024-07-28 05:12:08 +0000"
    },
    "done": true
  },
  "blockus:recipes/building_blocks/apple_crate": {
    "criteria": {
      "has_apple": "2024-07-28 05:05:50 +0000"
    },
    "done": true
  },
  "minecraft:recipes/combat/shield": {
    "criteria": {
      "has_iron_ingot": "2024-07-28 05:19:09 +0000"
    },
    "done": true
  },
  "minecraft:recipes/misc/creeper_banner_pattern": {
    "criteria": {
      "has_creeper_head": "2024-07-28 05:21:51 +0000"
    },
    "done": true
  },
  "minecraft:recipes/decorations/iron_bars": {
    "criteria": {
      "has_iron_ingot": "2024-07-28 05:19:09 +0000"
    },
    "done": true
  },
  "blockus:recipes/building_blocks/marble_lines_from_marble_stonecutting": {
    "criteria": {
      "has_marble": "2024-07-28 05:12:08 +0000"
    },
    "done": true
  },
  "blockus:recipes/building_blocks/marble_tile_wall_from_marble_stonecutting": {
    "criteria": {
      "has_marble": "2024-07-28 05:12:08 +0000"
    },
    "done": true
  },
  "minecraft:recipes/misc/iron_ingot_from_smelting_raw_iron": {
    "criteria": {
      "has_raw_iron": "2024-07-28 05:15:24 +0000"
    },
    "done": true
  },
  "stoneworks:recipes/building_blocks/diorite_shingle_stairs_from_diorite_stonecutting": {
    "criteria": {
      "has_diorite": "2024-07-28 05:11:43 +0000"
    },
    "done": true
  },
  "mcda:recipes/unique_armors/archers_boots": {
    "criteria": {
      "has_leather_boots": "2024-07-28 05:05:50 +0000"
    },
    "done": true
  },
  "regions_unexplored:recipes/decorations/mauve_shrub": {
    "criteria": {
      "has_mauve_sapling": "2024-07-28 05:09:03 +0000"
    },
    "done": true
  },
  "adorn:recipes/picket_fence": {
    "criteria": {
      "has_key_item_0": "2024-07-28 05:09:15 +0000"
    },
    "done": true
  },
  "regions_unexplored:regions_explored": {
    "criteria": {
      "rocky_meadow": "2024-07-28 05:04:51 +0000"
    },
    "done": false
  },
  "minecraft:recipes/decorations/mossy_cobblestone_wall": {
    "criteria": {
      "has_mossy_cobblestone": "2024-07-28 05:09:59 +0000"
    },
    "done": true
  },
  "minecraft:recipes/decorations/diorite_wall_from_diorite_stonecutting": {
    "criteria": {
      "has_diorite": "2024-07-28 05:11:43 +0000"
    },
    "done": true
  },
  "darkbosses:info_graveyard_bosses": {
    "criteria": {
      "info_graveyard_bosses": "2024-07-28 05:04:51 +0000"
    },
    "done": true
  },
  "minecraft:recipes/tools/wooden_pickaxe": {
    "criteria": {
      "has_stick": "2024-07-28 05:09:34 +0000"
    },
    "done": true
  },
  "stoneworks:recipes/building_blocks/diorite_pillar_from_diorite_stonecutting": {
    "criteria": {
      "has_diorite": "2024-07-28 05:11:43 +0000"
    },
    "done": true
  },
  "croptopia:recipes/misc/meringue": {
    "criteria": {
      "has_egg": "2024-07-28 05:14:09 +0000"
    },
    "done": true
  },
  "minecraft:story/upgrade_tools": {
    "criteria": {
      "stone_pickaxe": "2024-07-28 05:11:21 +0000"
    },
    "done": true
  },
  "adorn:recipes/stone_rod": {
    "criteria": {
      "has_stone": "2024-07-28 05:11:43 +0000"
    },
    "done": true
  },
  "darkrpg_intro:info_intro": {
    "criteria": {
      "darkrpg_intros": "2024-07-28 05:04:51 +0000"
    },
    "done": true
  },
  "immersive_paintings:misc/graffiti": {
    "criteria": {
      "has_item": "2024-07-28 05:20:47 +0000"
    },
    "done": true
  },
  "blockus:recipes/misc/charcoal": {
    "criteria": {
      "has_the_recipe": "2024-07-28 05:06:28 +0000"
    },
    "done": true
  },
  "regions_unexplored:pioneer": {
    "criteria": {
      "rocky_meadow": "2024-07-28 05:04:51 +0000"
    },
    "done": false
  },
  "regions_unexplored:recipes/redstone/mauve_pressure_plate": {
    "criteria": {
      "has_mauve_planks": "2024-07-28 05:09:15 +0000"
    },
    "done": true
  },
  "darkbosses:info_souls_bosses": {
    "criteria": {
      "info_souls_bosses": "2024-07-28 05:04:51 +0000"
    },
    "done": true
  },
  "mcdw:recipes/crossbows/crossbow_harpoon_crossbow": {
    "criteria": {
      "has_planks": "2024-07-28 05:09:15 +0000"
    },
    "done": true
  },
  "darkrpg:furnace": {
    "criteria": {
      "darkrpg_furnace": "2024-07-28 05:18:31 +0000"
    },
    "done": true
  },
  "advancednetherite:recipes/netherite_emerald_block": {
    "criteria": {
      "has_ingredients": "2024-07-28 05:04:50 +0000"
    },
    "done": true
  },
  "minecraft:recipes/tools/iron_axe": {
    "criteria": {
      "has_iron_ingot": "2024-07-28 05:19:09 +0000"
    },
    "done": true
  },
  "minecraft:recipes/building_blocks/polished_diorite_from_diorite_stonecutting": {
    "criteria": {
      "has_diorite": "2024-07-28 05:11:43 +0000"
    },
    "done": true
  },
  "mcda:recipes/base_armors/guards_armor_leggings": {
    "criteria": {
      "has_iron_ingot": "2024-07-28 05:19:09 +0000"
    },
    "done": true
  },
  "minecraft:husbandry/balanced_diet": {
    "criteria": {
      "apple": "2024-07-28 05:15:14 +0000"
    },
    "done": false
  },
  "croptopia:recipes/french_fries": {
    "criteria": {
      "has_potato": "2024-07-28 05:11:34 +0000"
    },
    "done": true
  },
  "mcda:recipes/base_armors/mystery_armor_red_helmet": {
    "criteria": {
      "has_iron_ingot": "2024-07-28 05:19:09 +0000"
    },
    "done": true
  },
  "mcdw:recipes/crossbows/crossbow_rapid": {
    "criteria": {
      "has_iron_ingot": "2024-07-28 05:19:09 +0000"
    },
    "done": true
  },
  "stoneworks:recipes/building_blocks/andesite_shingle_wall_from_andesite_stonecutting": {
    "criteria": {
      "has_andesite": "2024-07-28 05:11:53 +0000"
    },
    "done": true
  },
  "minecraft:recipes/redstone/iron_door": {
    "criteria": {
      "has_iron_ingot": "2024-07-28 05:19:09 +0000"
    },
    "done": true
  },
  "mcda:recipes/base_armors/mystery_armor_blue_leggings": {
    "criteria": {
      "has_iron_ingot": "2024-07-28 05:19:09 +0000"
    },
    "done": true
  },
  "stoneworks:recipes/building_blocks/diorite_pavers_from_diorite_stonecutting": {
    "criteria": {
      "has_diorite": "2024-07-28 05:11:43 +0000"
    },
    "done": true
  },
  "darkrpg:root": {
    "criteria": {
      "darkrpg_info_extras": "2024-07-28 05:04:51 +0000"
    },
    "done": true
  },
  "stoneworks:recipes/building_blocks/diorite_plate_wall_from_diorite_stonecutting": {
    "criteria": {
      "has_diorite": "2024-07-28 05:11:43 +0000"
    },
    "done": true
  },
  "mcda:recipes/base_armors/mystery_armor_white_boots": {
    "criteria": {
      "has_iron_ingot": "2024-07-28 05:19:09 +0000"
    },
    "done": true
  },
  "stoneworks:recipes/building_blocks/andesite_pillar_from_andesite_stonecutting": {
    "criteria": {
      "has_andesite": "2024-07-28 05:11:53 +0000"
    },
    "done": true
  },
  "mcdw:recipes/bows/bow_green_menace": {
    "criteria": {
      "has_iron_ingot": "2024-07-28 05:19:09 +0000"
    },
    "done": true
  },
  "advancednetherite:recipes/netherite_gold_block": {
    "criteria": {
      "has_ingredients": "2024-07-28 05:04:51 +0000"
    },
    "done": true
  },
  "blockus:recipes/decorations/marble_wall": {
    "criteria": {
      "has_marble": "2024-07-28 05:12:08 +0000"
    },
    "done": true
  },
  "stoneworks:recipes/building_blocks/mossy_cobbled_diorite_stairs_from_diorite_stonecutting": {
    "criteria": {
      "has_diorite": "2024-07-28 05:11:43 +0000"
    },
    "done": true
  },
  "minecraft:recipes/building_blocks/red_concrete_powder": {
    "criteria": {
      "has_sand": "2024-07-28 05:11:14 +0000"
    },
    "done": true
  },
  "mcda:recipes/base_armors/mystery_armor_blue_helmet": {
    "criteria": {
      "has_iron_ingot": "2024-07-28 05:19:09 +0000"
    },
    "done": true
  },
  "toms_storage:unlock_glowstone": {
    "criteria": {
      "inv_changed-glowstone": "2024-07-28 05:04:51 +0000"
    },
    "done": true
  },
  "compressedblocks:recipes/misc/shaped_crated_beef": {
    "criteria": {
      "has_item": "2024-07-28 05:05:50 +0000"
    },
    "done": true
  },
  "croptopia:recipes/burrito": {
    "criteria": {
      "has_the_recipe": "2024-07-28 05:05:50 +0000"
    },
    "done": true
  },
  "mcda:recipes/base_armors/mystery_armor_purple_boots": {
    "criteria": {
      "has_iron_ingot": "2024-07-28 05:19:09 +0000"
    },
    "done": true
  },
  "minecraft:story/mine_stone": {
    "criteria": {
      "get_stone": "2024-07-28 05:09:57 +0000"
    },
    "done": true
  },
  "minecraft:recipes/decorations/furnace": {
    "criteria": {
      "has_cobblestone": "2024-07-28 05:09:57 +0000"
    },
    "done": true
  },
  "minecraft:recipes/misc/ender_pearl": {
    "criteria": {
      "has_ender_fragment": "2024-07-28 05:07:17 +0000"
    },
    "done": true
  },
  "minecraft:recipes/building_blocks/green_concrete_powder": {
    "criteria": {
      "has_sand": "2024-07-28 05:11:14 +0000"
    },
    "done": true
  },
  "mcda:recipes/base_armors/spelunker_armor_chestplate": {
    "criteria": {
      "has_iron_ingot": "2024-07-28 05:19:09 +0000"
    },
    "done": true
  },
  "compressedblocks:recipes/building_blocks/shaped_c0_andesite": {
    "criteria": {
      "has_item": "2024-07-28 05:11:53 +0000"
    },
    "done": true
  },
  "blockus:recipes/building_blocks/road_barrier": {
    "criteria": {
      "has_iron_ingot": "2024-07-28 05:19:09 +0000"
    },
    "done": true
  },
  "advancednetherite:recipes/building_blocks/netherite_diamond_block": {
    "criteria": {
      "has_the_recipe": "2024-07-28 05:04:51 +0000"
    },
    "done": true
  },
  "archon:root": {
    "criteria": {
      "tick": "2024-07-28 05:04:51 +0000"
    },
    "done": true
  },
  "minecraft:recipes/transportation/bamboo_raft": {
    "criteria": {
      "in_water": "2024-07-28 05:21:51 +0000"
    },
    "done": true
  },
  "stoneworks:recipes/building_blocks/diorite_paver_stairs_from_diorite_stonecutting": {
    "criteria": {
      "has_diorite": "2024-07-28 05:11:43 +0000"
    },
    "done": true
  },
  "regions_unexplored:recipes/building_blocks/black_painted_planks": {
    "criteria": {
      "has_planks": "2024-07-28 05:09:15 +0000"
    },
    "done": true
  },
  "stoneworks:recipes/building_blocks/mossy_andesite_brick_stairs_from_andesite_stonecutting": {
    "criteria": {
      "has_andesite": "2024-07-28 05:11:53 +0000"
    },
    "done": true
  },
  "croptopia:recipes/misc/apple_sapling": {
    "criteria": {
      "has_apple": "2024-07-28 05:05:50 +0000"
    },
    "done": true
  },
  "regions_unexplored:recipes/transportation/kapok_boat": {
    "criteria": {
      "in_water": "2024-07-28 05:21:51 +0000"
    },
    "done": true
  },
  "mcda:recipes/upgrade_cores/upgrade_core_oceanic": {
    "criteria": {
      "has_core_specification_item": "2024-07-28 05:21:56 +0000"
    },
    "done": true
  },
  "regions_unexplored:recipes/transportation/cypress_boat": {
    "criteria": {
      "in_water": "2024-07-28 05:21:51 +0000"
    },
    "done": true
  },
  "soulsweapons:root": {
    "criteria": {
      "crafting_table": "2024-07-28 05:09:34 +0000"
    },
    "done": true
  },
  "adorn:recipes/andesite_post": {
    "criteria": {
      "has_andesite": "2024-07-28 05:11:53 +0000"
    },
    "done": true
  },
  "mcdw:recipes/crossbows/crossbow_burst": {
    "criteria": {
      "has_iron_ingot": "2024-07-28 05:19:09 +0000"
    },
    "done": true
  },
  "minecraft:recipes/building_blocks/mossy_cobblestone_stairs": {
    "criteria": {
      "has_mossy_cobblestone": "2024-07-28 05:09:59 +0000"
    },
    "done": true
  },
  "mcda:recipes/base_armors/thief_armor_helmet": {
    "criteria": {
      "has_iron_ingot": "2024-07-28 05:19:09 +0000"
    },
    "done": true
  },
  "stoneworks:recipes/building_blocks/diorite_tile_wall_from_diorite_stonecutting": {
    "criteria": {
      "has_diorite": "2024-07-28 05:11:43 +0000"
    },
    "done": true
  },
  "stoneworks:recipes/building_blocks/diorite_plate_stairs_from_diorite_stonecutting": {
    "criteria": {
      "has_diorite": "2024-07-28 05:11:43 +0000"
    },
    "done": true
  },
  "minecraft:recipes/food/cooked_beef_from_smoking": {
    "criteria": {
      "has_beef": "2024-07-28 05:05:50 +0000"
    },
    "done": true
  },
  "mcda:recipes/crafting_items/gemstone_blue": {
    "criteria": {
      "has_lapis_lazuli": "2024-07-28 05:10:09 +0000"
    },
    "done": true
  },
  "compressedblocks:recipes/building_blocks/shaped_c0_cobblestone": {
    "criteria": {
      "has_item": "2024-07-28 05:09:57 +0000"
    },
    "done": true
  },
  "minecraft:recipes/decorations/lantern": {
    "criteria": {
      "has_iron_ingot": "2024-07-28 05:19:09 +0000"
    },
    "done": true
  },
  "mcda:recipes/base_armors/battle_robe_chestplate": {
    "criteria": {
      "has_iron_ingot": "2024-07-28 05:19:09 +0000"
    },
    "done": true
  },
  "mcda:recipes/base_armors/mystery_armor_green_boots": {
    "criteria": {
      "has_iron_ingot": "2024-07-28 05:19:09 +0000"
    },
    "done": true
  },
  "minecraft:recipes/misc/charcoal": {
    "criteria": {
      "has_log": "2024-07-28 05:06:28 +0000"
    },
    "done": true
  },
  "minecraft:recipes/building_blocks/polished_andesite_from_andesite_stonecutting": {
    "criteria": {
      "has_andesite": "2024-07-28 05:11:53 +0000"
    },
    "done": true
  },
  "mcdw:recipes/bows/bow_haunted_bow": {
    "criteria": {
      "has_iron_ingot": "2024-07-28 05:19:09 +0000"
    },
    "done": true
  },
  "blockus:recipes/building_blocks/diorite_brick_wall_from_diorite_stonecutting": {
    "criteria": {
      "has_diorite": "2024-07-28 05:11:43 +0000"
    },
    "done": true
  },
  "minecraft:recipes/building_blocks/andesite": {
    "criteria": {
      "has_stone": "2024-07-28 05:11:43 +0000"
    },
    "done": true
  },
  "regions_unexplored:recipes/building_blocks/blue_painted_planks": {
    "criteria": {
      "has_planks": "2024-07-28 05:09:15 +0000"
    },
    "done": true
  },
  "stoneworks:recipes/building_blocks/mossy_cobbled_diorite_slab_from_diorite_stonecutting": {
    "criteria": {
      "has_diorite": "2024-07-28 05:11:43 +0000"
    },
    "done": true
  },
  "blockus:recipes/building_blocks/charred_boat": {
    "criteria": {
      "in_water": "2024-07-28 05:21:51 +0000"
    },
    "done": true
  },
  "soulsweapons:holy_greatsword_recipe": {
    "criteria": {
      "has_item": "2024-07-28 05:19:09 +0000"
    },
    "done": true
  },
  "minecraft:recipes/tools/wooden_shovel": {
    "criteria": {
      "has_stick": "2024-07-28 05:09:34 +0000"
    },
    "done": true
  },
  "zenith:give_book": {
    "criteria": {
      "tick": "2024-07-28 05:04:51 +0000"
    },
    "done": true
  },
  "mcdw:recipes/sickles/sickle_last_laugh_silver": {
    "criteria": {
      "has_iron_ingot": "2024-07-28 05:19:09 +0000"
    },
    "done": true
  },
  "croptopia:recipes/hamburger": {
    "criteria": {
      "has_beef": "2024-07-28 05:05:50 +0000"
    },
    "done": true
  },
  "darkrpg:info_extras": {
    "criteria": {
      "darkrpg_info_extras": "2024-07-28 05:04:51 +0000"
    },
    "done": true
  },
  "medievalweapons:medieval_stone_recipes": {
    "criteria": {
      "medieval_stone_recipes": "2024-07-28 05:09:57 +0000"
    },
    "done": true
  },
  "mcdw:recipes/crossbows/crossbow_heavy": {
    "criteria": {
      "has_iron_ingot": "2024-07-28 05:19:09 +0000"
    },
    "done": true
  },
  "mcdw:recipes/crossbows/crossbow_doom_crossbow": {
    "criteria": {
      "has_lapis_lazuli": "2024-07-28 05:10:09 +0000"
    },
    "done": true
  },
  "blockus:recipes/building_blocks/sturdy_stone": {
    "criteria": {
      "has_cobblestone": "2024-07-28 05:09:57 +0000"
    },
    "done": true
  },
  "minecraft:recipes/tools/stone_shovel": {
    "criteria": {
      "has_cobblestone": "2024-07-28 05:09:57 +0000"
    },
    "done": true
  },
  "regions_unexplored:recipes/building_blocks/gray_painted_planks": {
    "criteria": {
      "has_planks": "2024-07-28 05:09:15 +0000"
    },
    "done": true
  },
  "mcda:recipes/base_armors/emerald_gear_leggings": {
    "criteria": {
      "has_iron_ingot": "2024-07-28 05:19:09 +0000"
    },
    "done": true
  },
  "mcdw:recipes/crossbows/crossbow_auto": {
    "criteria": {
      "has_iron_ingot": "2024-07-28 05:19:09 +0000"
    },
    "done": true
  },
  "minecraft:recipes/combat/iron_leggings": {
    "criteria": {
      "has_iron_ingot": "2024-07-28 05:19:09 +0000"
    },
    "done": true
  },
  "minecraft:recipes/building_blocks/light_gray_concrete_powder": {
    "criteria": {
      "has_sand": "2024-07-28 05:11:14 +0000"
    },
    "done": true
  },
  "minecraft:recipes/misc/blue_dye": {
    "criteria": {
      "has_lapis_lazuli": "2024-07-28 05:10:09 +0000"
    },
    "done": true
  },
  "alloy_forgery:recipes/alloy_forgery/iron_block": {
    "criteria": {
      "has_the_recipe": "2024-07-28 05:19:09 +0000"
    },
    "done": true
  },
  "blockus:recipes/building_blocks/diorite_brick_stairs_from_diorite_stonecutting": {
    "criteria": {
      "has_diorite": "2024-07-28 05:11:43 +0000"
    },
    "done": true
  },
  "croptopia:recipes/stuffed_poblanos": {
    "criteria": {
      "has_beef": "2024-07-28 05:05:50 +0000"
    },
    "done": true
  },
  "advancednetherite:recipes/misc/netherite_iron_ingot_from_block": {
    "criteria": {
      "has_the_recipe": "2024-07-28 05:04:51 +0000"
    },
    "done": true
  },
  "blockus:recipes/building_blocks/chiseled_marble_pillar_from_marble_stonecutting": {
    "criteria": {
      "has_marble": "2024-07-28 05:12:08 +0000"
    },
    "done": true
  },
  "minecraft:recipes/building_blocks/brown_concrete_powder": {
    "criteria": {
      "has_sand": "2024-07-28 05:11:14 +0000"
    },
    "done": true
  },
  "mcda:recipes/base_armors/mystery_armor_purple_helmet": {
    "criteria": {
      "has_iron_ingot": "2024-07-28 05:19:09 +0000"
    },
    "done": true
  },
  "minecraft:recipes/building_blocks/light_blue_concrete_powder": {
    "criteria": {
      "has_sand": "2024-07-28 05:11:14 +0000"
    },
    "done": true
  },
  "minecraft:recipes/tools/iron_hoe": {
    "criteria": {
      "has_iron_ingot": "2024-07-28 05:19:09 +0000"
    },
    "done": true
  },
  "stoneworks:recipes/building_blocks/diorite_paver_slab_from_diorite_stonecutting": {
    "criteria": {
      "has_diorite": "2024-07-28 05:11:43 +0000"
    },
    "done": true
  },
  "inmis:recipes/plated_backpack": {
    "criteria": {
      "has_frayed_backpack": "2024-07-28 05:05:50 +0000"
    },
    "done": true
  },
  "darkrpg:info_casino": {
    "criteria": {
      "darkrpg_info_extras": "2024-07-28 05:04:51 +0000"
    },
    "done": true
  },
  "medievalweapons:medieval_wooden_recipes": {
    "criteria": {
      "medieval_wooden_recipes": "2024-07-28 05:09:34 +0000"
    },
    "done": true
  },
  "minecraft:recipes/decorations/andesite_wall_from_andesite_stonecutting": {
    "criteria": {
      "has_andesite": "2024-07-28 05:11:53 +0000"
    },
    "done": true
  },
  "croptopia:recipes/misc/apple_pie": {
    "criteria": {
      "has_apple": "2024-07-28 05:05:50 +0000"
    },
    "done": true
  },
  "minecraft:recipes/building_blocks/polished_andesite_slab_from_andesite_stonecutting": {
    "criteria": {
      "has_andesite": "2024-07-28 05:11:53 +0000"
    },
    "done": true
  },
  "mcda:recipes/crafting_items/fabric_bolt_green": {
    "criteria": {
      "has_stick": "2024-07-28 05:09:34 +0000"
    },
    "done": true
  },
  "regions_unexplored:recipes/building_blocks/light_blue_painted_planks": {
    "criteria": {
      "has_planks": "2024-07-28 05:09:15 +0000"
    },
    "done": true
  },
  "mcda:recipes/base_armors/spelunker_armor_boots": {
    "criteria": {
      "has_iron_ingot": "2024-07-28 05:19:09 +0000"
    },
    "done": true
  },
  "regions_unexplored:recipes/transportation/oak_boat": {
    "criteria": {
      "in_water": "2024-07-28 05:21:51 +0000"
    },
    "done": true
  },
  "minecraft:recipes/transportation/birch_boat": {
    "criteria": {
      "in_water": "2024-07-28 05:21:51 +0000"
    },
    "done": true
  },
  "darkrpg:more_zombie": {
    "criteria": {
      "darkrpg_more_zombie": "2024-07-28 05:07:43 +0000"
    },
    "done": false
  },
  "mcdw:recipes/longbows/bow_guardian_bow": {
    "criteria": {
      "has_iron_ingot": "2024-07-28 05:19:09 +0000"
    },
    "done": true
  },
  "minecraft:recipes/transportation/oak_boat": {
    "criteria": {
      "has_the_recipe": "2024-07-28 05:21:51 +0000",
      "in_water": "2024-07-28 05:21:51 +0000"
    },
    "done": true
  },
  "blockus:recipes/redstone/marble_button": {
    "criteria": {
      "has_marble": "2024-07-28 05:12:08 +0000"
    },
    "done": true
  },
  "sawmill:recipes/sawmill": {
    "criteria": {
      "has_sticks": "2024-07-28 05:09:34 +0000"
    },
    "done": true
  },
  "compressedblocks:recipes/building_blocks/shaped_c0_diorite": {
    "criteria": {
      "has_item": "2024-07-28 05:11:43 +0000"
    },
    "done": true
  },
  "minecraft:recipes/building_blocks/andesite_stairs_from_andesite_stonecutting": {
    "criteria": {
      "has_andesite": "2024-07-28 05:11:53 +0000"
    },
    "done": true
  },
  "mcda:recipes/crafting_items/fabric_bolt_white": {
    "criteria": {
      "has_stick": "2024-07-28 05:09:34 +0000"
    },
    "done": true
  },
  "compressedblocks:recipes/misc/shaped_crated_rotten_flesh": {
    "criteria": {
      "has_item": "2024-07-28 05:10:12 +0000"
    },
    "done": true
  },
  "regions_unexplored:recipes/decorations/mauve_fence": {
    "criteria": {
      "has_mauve_planks": "2024-07-28 05:09:15 +0000"
    },
    "done": true
  },
  "mcda:recipes/crafting_items/fabric_bolt_pink": {
    "criteria": {
      "has_stick": "2024-07-28 05:09:34 +0000"
    },
    "done": true
  },
  "blockus:recipes/building_blocks/marble_slab_from_marble_stonecutting": {
    "criteria": {
      "has_marble": "2024-07-28 05:12:08 +0000"
    },
    "done": true
  },
  "stoneworks:recipes/building_blocks/cobbled_diorite_stairs_from_diorite_stonecutting": {
    "criteria": {
      "has_diorite": "2024-07-28 05:11:43 +0000"
    },
    "done": true
  },
  "regions_unexplored:recipes/transportation/redwood_boat": {
    "criteria": {
      "in_water": "2024-07-28 05:21:51 +0000"
    },
    "done": true
  },
  "mcda:recipes/base_armors/squid_armor_boots": {
    "criteria": {
      "has_leather_boots": "2024-07-28 05:05:50 +0000"
    },
    "done": true
  },
  "mcdw:recipes/daggers/dagger_tempest_knife": {
    "criteria": {
      "has_iron_ingot": "2024-07-28 05:19:09 +0000"
    },
    "done": true
  },
  "mcda:recipes/base_armors/mystery_armor_white_helmet": {
    "criteria": {
      "has_iron_ingot": "2024-07-28 05:19:09 +0000"
    },
    "done": true
  },
  "croptopia:recipes/documentation": {
    "criteria": {
      "has_crop": "2024-07-28 05:05:50 +0000"
    },
    "done": true
  },
  "stoneworks:recipes/building_blocks/diorite_shingles_from_diorite_stonecutting": {
    "criteria": {
      "has_diorite": "2024-07-28 05:11:43 +0000"
    },
    "done": true
  },
  "regions_unexplored:recipes/building_blocks/mauve_slab": {
    "criteria": {
      "has_mauve_planks": "2024-07-28 05:09:15 +0000"
    },
    "done": true
  },
  "stoneworks:recipes/building_blocks/cracked_diorite_bricks_from_diorite_stonecutting": {
    "criteria": {
      "has_diorite": "2024-07-28 05:11:43 +0000"
    },
    "done": true
  },
  "mcdw:recipes/swords/sword_broadsword": {
    "criteria": {
      "has_iron_ingot": "2024-07-28 05:19:09 +0000"
    },
    "done": true
  },
  "blockus:recipes/building_blocks/marble_bricks_from_marble_stonecutting": {
    "criteria": {
      "has_marble": "2024-07-28 05:12:08 +0000"
    },
    "done": true
  },
  "minecraft:recipes/building_blocks/andesite_slab": {
    "criteria": {
      "has_andesite": "2024-07-28 05:11:53 +0000"
    },
    "done": true
  },
  "immersive_armors:recipes/misc/warrior": {
    "criteria": {
      "has_item": "2024-07-28 05:05:50 +0000"
    },
    "done": true
  },
  "minecraft:recipes/building_blocks/cobblestone_stairs_from_cobblestone_stonecutting": {
    "criteria": {
      "has_cobblestone": "2024-07-28 05:09:57 +0000"
    },
    "done": true
  },
  "minecraft:recipes/building_blocks/diorite_slab_from_diorite_stonecutting": {
    "criteria": {
      "has_diorite": "2024-07-28 05:11:43 +0000"
    },
    "done": true
  },
  "darkspins:root": {
    "criteria": {
      "darkrpg_info_extras": "2024-07-28 05:04:51 +0000"
    },
    "done": true
  },
  "blockus:recipes/building_blocks/chiseled_marble_from_marble_stonecutting": {
    "criteria": {
      "has_marble": "2024-07-28 05:12:08 +0000"
    },
    "done": true
  },
  "minecraft:recipes/tools/stone_hoe": {
    "criteria": {
      "has_cobblestone": "2024-07-28 05:09:57 +0000"
    },
    "done": true
  },
  "regions_unexplored:recipes/transportation/willow_boat": {
    "criteria": {
      "in_water": "2024-07-28 05:21:51 +0000"
    },
    "done": true
  },
  "mcda:recipes/base_armors/thief_armor_boots": {
    "criteria": {
      "has_iron_ingot": "2024-07-28 05:19:09 +0000"
    },
    "done": true
  },
  "regions_unexplored:recipes/redstone/mauve_fence_gate": {
    "criteria": {
      "has_mauve_planks": "2024-07-28 05:09:15 +0000"
    },
    "done": true
  },
  "minecraft:story/root": {
    "criteria": {
      "crafting_table": "2024-07-28 05:09:34 +0000"
    },
    "done": true
  },
  "regions_unexplored:recipes/misc/magenta_dye_from_fireweed": {
    "criteria": {
      "has_fireweed": "2024-07-28 05:11:31 +0000"
    },
    "done": true
  },
  "croptopia:recipes/misc/cooking_pot": {
    "criteria": {
      "has_iron": "2024-07-28 05:19:09 +0000"
    },
    "done": true
  },
  "things:root": {
    "criteria": {
      "tick": "2024-07-28 05:04:51 +0000"
    },
    "done": true
  },
  "minecraft:recipes/food/cooked_beef_from_campfire_cooking": {
    "criteria": {
      "has_beef": "2024-07-28 05:05:50 +0000"
    },
    "done": true
  },
  "mcda:recipes/base_armors/guards_armor_boots": {
    "criteria": {
      "has_leather_boots": "2024-07-28 05:05:50 +0000"
    },
    "done": true
  },
  "mcda:recipes/base_armors/goat_gear_helmet": {
    "criteria": {
      "has_iron_ingot": "2024-07-28 05:19:09 +0000"
    },
    "done": true
  },
  "croptopia:recipes/beef_jerky": {
    "criteria": {
      "has_beef": "2024-07-28 05:05:50 +0000"
    },
    "done": true
  },
  "minecraft:recipes/decorations/ladder": {
    "criteria": {
      "has_stick": "2024-07-28 05:09:34 +0000"
    },
    "done": true
  },
  "croptopia:recipes/misc/apple_juice": {
    "criteria": {
      "has_apple": "2024-07-28 05:05:50 +0000"
    },
    "done": true
  },
  "advancednetherite:recipes/building_blocks/netherite_iron_block": {
    "criteria": {
      "has_the_recipe": "2024-07-28 05:04:51 +0000"
    },
    "done": true
  },
  "croptopia:recipes/pork_jerky": {
    "criteria": {
      "has_the_recipe": "2024-07-28 05:05:50 +0000"
    },
    "done": true
  },
  "mcdw:recipes/crossbows/crossbow_slayer": {
    "criteria": {
      "has_iron_ingot": "2024-07-28 05:19:09 +0000"
    },
    "done": true
  },
  "blockus:recipes/building_blocks/diorite_bricks_from_diorite_stonecutting": {
    "criteria": {
      "has_diorite": "2024-07-28 05:11:43 +0000"
    },
    "done": true
  },
  "mcda:recipes/base_armors/mystery_armor_red_boots": {
    "criteria": {
      "has_iron_ingot": "2024-07-28 05:19:09 +0000"
    },
    "done": true
  },
  "stoneworks:recipes/building_blocks/cobbled_diorite_from_diorite_stonecutting": {
    "criteria": {
      "has_diorite": "2024-07-28 05:11:43 +0000"
    },
    "done": true
  },
  "mcda:recipes/base_armors/dark_armor_leggings": {
    "criteria": {
      "has_iron_ingot": "2024-07-28 05:19:09 +0000"
    },
    "done": true
  },
  "regions_unexplored:recipes/building_blocks/mauve_wood": {
    "criteria": {
      "has_log": "2024-07-28 05:06:28 +0000"
    },
    "done": true
  },
  "minecraft:recipes/tools/wooden_axe": {
    "criteria": {
      "has_stick": "2024-07-28 05:09:34 +0000"
    },
    "done": true
  },
  "simplyswords:grant_book_on_first_join": {
    "criteria": {
      "tick": "2024-07-28 05:04:50 +0000"
    },
    "done": true
  },
  "immersive_aircraft:misc/aircraftery": {
    "criteria": {
      "has_item": "2024-07-28 05:19:09 +0000"
    },
    "done": true
  },
  "stoneworks:recipes/building_blocks/cobbled_andesite_from_andesite_stonecutting": {
    "criteria": {
      "has_andesite": "2024-07-28 05:11:53 +0000"
    },
    "done": true
  },
  "blockus:recipes/building_blocks/marble_wall_from_marble_stonecutting": {
    "criteria": {
      "has_marble": "2024-07-28 05:12:08 +0000"
    },
    "done": true
  },
  "minecraft:recipes/misc/stick": {
    "criteria": {
      "has_planks": "2024-07-28 05:09:15 +0000"
    },
    "done": true
  },
  "minecraft:recipes/building_blocks/mossy_cobblestone_stairs_from_mossy_cobblestone_stonecutting": {
    "criteria": {
      "has_mossy_cobblestone": "2024-07-28 05:09:59 +0000"
    },
    "done": true
  },
  "mcdw:recipes/shields/shield_royal_guard": {
    "criteria": {
      "has_iron_ingot": "2024-07-28 05:19:09 +0000"
    },
    "done": true
  },
  "minecraft:recipes/transportation/cherry_boat": {
    "criteria": {
      "in_water": "2024-07-28 05:21:51 +0000"
    },
    "done": true
  },
  "stoneworks:recipes/building_blocks/diorite_tiles_from_diorite_stonecutting": {
    "criteria": {
      "has_diorite": "2024-07-28 05:11:43 +0000"
    },
    "done": true
  },
  "toms_storage:unlock_netherite": {
    "criteria": {
      "inv_changed-netherite": "2024-07-28 05:04:51 +0000"
    },
    "done": true
  },
  "compressedblocks:recipes/misc/shaped_crated_stick": {
    "criteria": {
      "has_item": "2024-07-28 05:09:34 +0000"
    },
    "done": true
  },
  "mcdw:recipes/double_axes/double_axe_cursed": {
    "criteria": {
      "has_rotten_flesh": "2024-07-28 05:10:12 +0000"
    },
    "done": true
  },
  "mcda:recipes/base_armors/mystery_armor_white_chestplate": {
    "criteria": {
      "has_iron_ingot": "2024-07-28 05:19:09 +0000"
    },
    "done": true
  },
  "stoneworks:recipes/building_blocks/andesite_brick_stairs_from_andesite_stonecutting": {
    "criteria": {
      "has_andesite": "2024-07-28 05:11:53 +0000"
    },
    "done": true
  },
  "regions_unexplored:recipes/building_blocks/mossy_stone_from_blasting_mossy_cobblestone": {
    "criteria": {
      "has_mossy_cobblestone": "2024-07-28 05:09:59 +0000"
    },
    "done": true
  },
  "toms_storage:unlock_chest": {
    "criteria": {
      "inv_changed-chest": "2024-07-28 05:04:51 +0000"
    },
    "done": true
  },
  "minecraft:recipes/building_blocks/mossy_cobblestone_slab": {
    "criteria": {
      "has_mossy_cobblestone": "2024-07-28 05:09:59 +0000"
    },
    "done": true
  },
  "darkrpg:crafting_table": {
    "criteria": {
      "darkrpg_crafting_table": "2024-07-28 05:09:34 +0000"
    },
    "done": true
  },
  "mcdw:recipes/bows/bow_bubble_bow": {
    "criteria": {
      "has_water_bucket": "2024-07-28 05:21:56 +0000"
    },
    "done": true
  },
  "minecraft:recipes/building_blocks/lime_concrete_powder": {
    "criteria": {
      "has_sand": "2024-07-28 05:11:14 +0000"
    },
    "done": true
  },
  "minecraft:recipes/redstone/hopper": {
    "criteria": {
      "has_iron_ingot": "2024-07-28 05:19:09 +0000"
    },
    "done": true
  },
  "minecraft:recipes/misc/copper_ingot_from_blasting_raw_copper": {
    "criteria": {
      "has_raw_copper": "2024-07-28 05:20:30 +0000"
    },
    "done": true
  },
  "mcda:recipes/base_armors/mystery_armor_red_chestplate": {
    "criteria": {
      "has_iron_ingot": "2024-07-28 05:19:09 +0000"
    },
    "done": true
  },
  "medievalweapons:medieval_iron_recipes": {
    "criteria": {
      "medieval_iron_recipes": "2024-07-28 05:19:09 +0000"
    },
    "done": true
  },
  "blockus:recipes/building_blocks/legacy_first_cobblestone_from_cobblestone_stonecutting": {
    "criteria": {
      "has_cobblestone": "2024-07-28 05:09:57 +0000"
    },
    "done": true
  },
  "croptopia:recipes/misc/frying_pan": {
    "criteria": {
      "has_iron": "2024-07-28 05:19:09 +0000"
    },
    "done": true
  },
  "darkbosses:info_vanilla_bosses": {
    "criteria": {
      "info_vanilla_bosses": "2024-07-28 05:04:51 +0000"
    },
    "done": true
  },
  "minecraft:recipes/building_blocks/magenta_concrete_powder": {
    "criteria": {
      "has_sand": "2024-07-28 05:11:14 +0000"
    },
    "done": true
  },
  "minecraft:recipes/decorations/campfire": {
    "criteria": {
      "has_stick": "2024-07-28 05:09:34 +0000"
    },
    "done": true
  },
  "blockus:recipes/building_blocks/marble_squares_from_marble_stonecutting": {
    "criteria": {
      "has_marble": "2024-07-28 05:12:08 +0000"
    },
    "done": true
  },
  "compressedblocks:recipes/building_blocks/shaped_c0_dirt": {
    "criteria": {
      "has_item": "2024-07-28 05:11:33 +0000"
    },
    "done": true
  },
  "mcdw:recipes/sickles/sickle_nightmares_bite": {
    "criteria": {
      "has_iron_ingot": "2024-07-28 05:19:09 +0000"
    },
    "done": true
  },
  "mcdw:recipes/bows/bow_sabrewing": {
    "criteria": {
      "has_iron_ingot": "2024-07-28 05:19:09 +0000"
    },
    "done": true
  },
  "blockus:recipes/building_blocks/marble_stairs_from_marble_stonecutting": {
    "criteria": {
      "has_marble": "2024-07-28 05:12:08 +0000"
    },
    "done": true
  },
  "mcdw:recipes/bows/bow_echo_of_the_valley": {
    "criteria": {
      "has_iron_ingot": "2024-07-28 05:19:09 +0000"
    },
    "done": true
  },
  "mcdw:recipes/swords/sword_katana": {
    "criteria": {
      "has_iron_ingot": "2024-07-28 05:19:09 +0000"
    },
    "done": true
  },
  "minecraft:recipes/transportation/acacia_boat": {
    "criteria": {
      "in_water": "2024-07-28 05:21:51 +0000"
    },
    "done": true
  },
  "minecraft:recipes/redstone/iron_trapdoor": {
    "criteria": {
      "has_iron_ingot": "2024-07-28 05:19:09 +0000"
    },
    "done": true
  },
  "adorn:recipes/andesite_platform": {
    "criteria": {
      "has_slab": "2024-07-28 05:10:58 +0000"
    },
    "done": true
  },
  "adorn:recipes/chain_link_fence": {
    "criteria": {
      "has_key_item_0": "2024-07-28 05:19:09 +0000"
    },
    "done": true
  },
  "minecraft:recipes/misc/iron_ingot_from_blasting_raw_iron": {
    "criteria": {
      "has_raw_iron": "2024-07-28 05:15:24 +0000"
    },
    "done": true
  },
  "minecraft:recipes/building_blocks/black_concrete_powder": {
    "criteria": {
      "has_sand": "2024-07-28 05:11:14 +0000"
    },
    "done": true
  },
  "blockus:recipes/building_blocks/herringbone_andesite_bricks_from_andesite_stonecutting": {
    "criteria": {
      "has_andesite": "2024-07-28 05:11:53 +0000"
    },
    "done": true
  },
  "minecraft:recipes/decorations/cobblestone_wall_from_cobblestone_stonecutting": {
    "criteria": {
      "has_cobblestone": "2024-07-28 05:09:57 +0000"
    },
    "done": true
  },
  "darkrpg:info_crafting": {
    "criteria": {
      "darkrpg_info_crafting": "2024-07-28 05:04:51 +0000"
    },
    "done": true
  },
  "minecraft:recipes/building_blocks/polished_andesite_stairs_from_andesite_stonecutting": {
    "criteria": {
      "has_andesite": "2024-07-28 05:11:53 +0000"
    },
    "done": true
  },
  "mcdw:recipes/bows/bow_power_bow": {
    "criteria": {
      "has_iron_ingot": "2024-07-28 05:19:09 +0000"
    },
    "done": true
  },
  "minecraft:recipes/building_blocks/cyan_concrete_powder": {
    "criteria": {
      "has_sand": "2024-07-28 05:11:14 +0000"
    },
    "done": true
  },
  "stoneworks:recipes/building_blocks/andesite_paver_slab_from_andesite_stonecutting": {
    "criteria": {
      "has_andesite": "2024-07-28 05:11:53 +0000"
    },
    "done": true
  },
  "regions_unexplored:got_wood": {
    "criteria": {
      "mauve_log": "2024-07-28 05:06:28 +0000"
    },
    "done": false
  },
  "minecraft:recipes/transportation/jungle_boat": {
    "criteria": {
      "in_water": "2024-07-28 05:21:51 +0000"
    },
    "done": true
  },
  "stoneworks:recipes/building_blocks/andesite_bricks_from_andesite_stonecutting": {
    "criteria": {
      "has_andesite": "2024-07-28 05:11:53 +0000"
    },
    "done": true
  },
  "regions_unexplored:recipes/building_blocks/red_painted_planks": {
    "criteria": {
      "has_planks": "2024-07-28 05:09:15 +0000"
    },
    "done": true
  },
  "minecraft:recipes/redstone/lever": {
    "criteria": {
      "has_cobblestone": "2024-07-28 05:09:57 +0000"
    },
    "done": true
  },
  "regions_unexplored:recipes/decorations/mauve_branch_from_mauve_log": {
    "criteria": {
      "has_log": "2024-07-28 05:06:28 +0000"
    },
    "done": true
  },
  "mcda:recipes/base_armors/guards_armor_helmet": {
    "criteria": {
      "has_iron_ingot": "2024-07-28 05:19:09 +0000"
    },
    "done": true
  },
  "mcda:recipes/base_armors/scale_mail_boots": {
    "criteria": {
      "has_leather_boots": "2024-07-28 05:05:50 +0000"
    },
    "done": true
  },
  "mcdw:recipes/crossbows/crossbow_butterfly": {
    "criteria": {
      "has_iron_ingot": "2024-07-28 05:19:09 +0000"
    },
    "done": true
  },
  "mcdw:recipes/staves/staff_battlestaff_of_terror": {
    "criteria": {
      "has_iron_ingot": "2024-07-28 05:19:09 +0000"
    },
    "done": true
  },
  "regions_unexplored:recipes/transportation/pine_boat": {
    "criteria": {
      "in_water": "2024-07-28 05:21:51 +0000"
    },
    "done": true
  },
  "advancednetherite:recipes/building_blocks/netherite_emerald_block": {
    "criteria": {
      "has_the_recipe": "2024-07-28 05:04:51 +0000"
    },
    "done": true
  },
  "minecraft:recipes/combat/iron_chestplate": {
    "criteria": {
      "has_iron_ingot": "2024-07-28 05:19:09 +0000"
    },
    "done": true
  },
  "mcdw:recipes/daggers/dagger_dagger": {
    "criteria": {
      "has_iron_ingot": "2024-07-28 05:19:09 +0000"
    },
    "done": true
  },
  "minecraft:recipes/misc/iron_nugget": {
    "criteria": {
      "has_iron_ingot": "2024-07-28 05:19:09 +0000"
    },
    "done": true
  },
  "stoneworks:recipes/building_blocks/andesite_plate_slab_from_andesite_stonecutting": {
    "criteria": {
      "has_andesite": "2024-07-28 05:11:53 +0000"
    },
    "done": true
  },
  "stoneworks:recipes/building_blocks/mossy_andesite_brick_slab_from_andesite_stonecutting": {
    "criteria": {
      "has_andesite": "2024-07-28 05:11:53 +0000"
    },
    "done": true
  },
  "mcda:recipes/base_armors/mystery_armor_green_helmet": {
    "criteria": {
      "has_iron_ingot": "2024-07-28 05:19:09 +0000"
    },
    "done": true
  },
  "mcda:recipes/base_armors/mystery_armor_purple_leggings": {
    "criteria": {
      "has_iron_ingot": "2024-07-28 05:19:09 +0000"
    },
    "done": true
  },
  "mcda:recipes/crafting_items/glut_charm": {
    "criteria": {
      "has_beef": "2024-07-28 05:05:50 +0000"
    },
    "done": true
  },
  "blockus:recipes/building_blocks/wooden_frame": {
    "criteria": {
      "has_stick": "2024-07-28 05:09:34 +0000"
    },
    "done": true
  },
  "blockus:recipes/building_blocks/chiseled_diorite_bricks_from_diorite_stonecutting": {
    "criteria": {
      "has_diorite": "2024-07-28 05:11:43 +0000"
    },
    "done": true
  },
  "minecraft:story/smelt_iron": {
    "criteria": {
      "iron": "2024-07-28 05:19:09 +0000"
    },
    "done": true
  },
  "blockus:recipes/building_blocks/legacy_cobblestone_from_cobblestone_stonecutting": {
    "criteria": {
      "has_cobblestone": "2024-07-28 05:09:57 +0000"
    },
    "done": true
  },
  "regions_unexplored:recipes/building_blocks/mauve_planks": {
    "criteria": {
      "has_logs": "2024-07-28 05:06:28 +0000"
    },
    "done": true
  },
  "minecraft:recipes/decorations/smoker": {
    "criteria": {
      "has_furnace": "2024-07-28 05:18:31 +0000"
    },
    "done": true
  },
  "regions_unexplored:recipes/building_blocks/light_gray_painted_planks": {
    "criteria": {
      "has_planks": "2024-07-28 05:09:15 +0000"
    },
    "done": true
  },
  "regions_unexplored:recipes/building_blocks/yellow_painted_planks": {
    "criteria": {
      "has_planks": "2024-07-28 05:09:15 +0000"
    },
    "done": true
  },
  "minecraft:recipes/transportation/spruce_boat": {
    "criteria": {
      "in_water": "2024-07-28 05:21:51 +0000"
    },
    "done": true
  },
  "regions_unexplored:recipes/transportation/dead_boat": {
    "criteria": {
      "in_water": "2024-07-28 05:21:51 +0000"
    },
    "done": true
  },
  "blockus:recipes/building_blocks/rotten_flesh_block": {
    "criteria": {
      "has_rotten_flesh": "2024-07-28 05:10:12 +0000"
    },
    "done": true
  },
  "stoneworks:recipes/building_blocks/diorite_tile_slab_from_diorite_stonecutting": {
    "criteria": {
      "has_diorite": "2024-07-28 05:11:43 +0000"
    },
    "done": true
  },
  "stoneworks:recipes/building_blocks/andesite_tile_slab_from_andesite_stonecutting": {
    "criteria": {
      "has_andesite": "2024-07-28 05:11:53 +0000"
    },
    "done": true
  },
  "minecraft:recipes/building_blocks/andesite_slab_from_andesite_stonecutting": {
    "criteria": {
      "has_andesite": "2024-07-28 05:11:53 +0000"
    },
    "done": true
  },
  "blockus:recipes/building_blocks/marble_tile_slab_from_marble_stonecutting": {
    "criteria": {
      "has_marble": "2024-07-28 05:12:08 +0000"
    },
    "done": true
  },
  "mcda:recipes/crafting_items/fabric_bolt_cyan": {
    "criteria": {
      "has_stick": "2024-07-28 05:09:34 +0000"
    },
    "done": true
  },
  "rewards:rewards": {
    "criteria": {
      "january": "2024-07-28 05:04:51 +0000"
    },
    "done": true
  },
  "mcda:recipes/base_armors/spelunker_armor_leggings": {
    "criteria": {
      "has_iron_ingot": "2024-07-28 05:19:09 +0000"
    },
    "done": true
  },
  "minecraft:recipes/combat/iron_sword": {
    "criteria": {
      "has_iron_ingot": "2024-07-28 05:19:09 +0000"
    },
    "done": true
  },
  "minecraft:recipes/tools/iron_pickaxe": {
    "criteria": {
      "has_iron_ingot": "2024-07-28 05:19:09 +0000"
    },
    "done": true
  },
  "minecraft:recipes/transportation/mangrove_boat": {
    "criteria": {
      "in_water": "2024-07-28 05:21:51 +0000"
    },
    "done": true
  },
  "mcda:recipes/base_armors/mystery_armor_green_chestplate": {
    "criteria": {
      "has_iron_ingot": "2024-07-28 05:19:09 +0000"
    },
    "done": true
  },
  "advancednetherite:recipes/misc/netherite_emerald_ingot_from_block": {
    "criteria": {
      "has_the_recipe": "2024-07-28 05:04:51 +0000"
    },
    "done": true
  },
  "advancednetherite:recipes/netherite_iron_block": {
    "criteria": {
      "has_ingredients": "2024-07-28 05:04:51 +0000"
    },
    "done": true
  },
  "blockus:recipes/building_blocks/andesite_brick_wall_from_andesite_stonecutting": {
    "criteria": {
      "has_andesite": "2024-07-28 05:11:53 +0000"
    },
    "done": true
  },
  "croptopia:recipes/egg_roll": {
    "criteria": {
      "has_egg": "2024-07-28 05:14:09 +0000"
    },
    "done": true
  },
  "mcda:recipes/base_armors/ghostly_chestplate": {
    "criteria": {
      "has_iron_ingot": "2024-07-28 05:19:09 +0000"
    },
    "done": true
  },
  "stoneworks:recipes/building_blocks/mossy_andesite_bricks_from_andesite_stonecutting": {
    "criteria": {
      "has_andesite": "2024-07-28 05:11:53 +0000"
    },
    "done": true
  },
  "advancednetherite:recipes/netherite_ingots": {
    "criteria": {
      "has_ingredients": "2024-07-28 05:04:51 +0000"
    },
    "done": true
  },
  "mcdw:recipes/axes/axe_anchor": {
    "criteria": {
      "has_iron_ingot": "2024-07-28 05:19:09 +0000"
    },
    "done": true
  },
  "adorn:recipes/mossy_cobblestone_post": {
    "criteria": {
      "has_mossy_cobblestone": "2024-07-28 05:09:59 +0000"
    },
    "done": true
  },
  "minecraft:recipes/food/baked_potato_from_smoking": {
    "criteria": {
      "has_potato": "2024-07-28 05:11:34 +0000"
    },
    "done": true
  },
  "mcdw:recipes/scythes/scythe_jailors_scythe": {
    "criteria": {
      "has_iron_ingot": "2024-07-28 05:19:09 +0000"
    },
    "done": true
  },
  "regions_unexplored:recipes/transportation/baobab_boat": {
    "criteria": {
      "in_water": "2024-07-28 05:21:51 +0000"
    },
    "done": true
  },
  "stoneworks:recipes/building_blocks/andesite_plate_stairs_from_andesite_stonecutting": {
    "criteria": {
      "has_andesite": "2024-07-28 05:11:53 +0000"
    },
    "done": true
  },
  "toms_storage:unlock_dia_pearl": {
    "criteria": {
      "inv_changed-ender_pearl": "2024-07-28 05:04:51 +0000",
      "inv_changed-diamond": "2024-07-28 05:04:51 +0000"
    },
    "done": true
  },
  "minecraft:recipes/building_blocks/yellow_concrete_powder": {
    "criteria": {
      "has_sand": "2024-07-28 05:11:14 +0000"
    },
    "done": true
  },
  "blockus:recipes/building_blocks/marble_tile_stairs_from_marble_stonecutting": {
    "criteria": {
      "has_marble": "2024-07-28 05:12:08 +0000"
    },
    "done": true
  },
  "stoneworks:recipes/building_blocks/mossy_cobbled_diorite_from_diorite_stonecutting": {
    "criteria": {
      "has_diorite": "2024-07-28 05:11:43 +0000"
    },
    "done": true
  },
  "minecraft:recipes/building_blocks/sandstone": {
    "criteria": {
      "has_sand": "2024-07-28 05:11:14 +0000"
    },
    "done": true
  },
  "mcda:recipes/base_armors/mystery_armor_blue_chestplate": {
    "criteria": {
      "has_iron_ingot": "2024-07-28 05:19:09 +0000"
    },
    "done": true
  },
  "blockus:recipes/building_blocks/polished_andesite_pillar_from_andesite_stonecutting": {
    "criteria": {
      "has_andesite": "2024-07-28 05:11:53 +0000"
    },
    "done": true
  },
  "mcdw:recipes/crossbows/crossbow_imploding": {
    "criteria": {
      "has_iron_ingot": "2024-07-28 05:19:09 +0000"
    },
    "done": true
  },
  "stoneworks:recipes/building_blocks/cobbled_andesite_wall_from_andesite_stonecutting": {
    "criteria": {
      "has_andesite": "2024-07-28 05:11:53 +0000"
    },
    "done": true
  },
  "minecraft:adventure/kill_a_mob": {
    "criteria": {
      "minecraft:zombie": "2024-07-28 05:07:43 +0000"
    },
    "done": true
  },
  "stoneworks:recipes/building_blocks/andesite_plates_from_andesite_stonecutting": {
    "criteria": {
      "has_andesite": "2024-07-28 05:11:53 +0000"
    },
    "done": true
  },
  "spectrum:unlocks/trinkets/take_off_belt": {
    "criteria": {
      "collected_rabbits_foot": "2024-07-28 05:04:50 +0000"
    },
    "done": false
  },
  "minecraft:recipes/decorations/mossy_cobblestone_wall_from_mossy_cobblestone_stonecutting": {
    "criteria": {
      "has_mossy_cobblestone": "2024-07-28 05:09:59 +0000"
    },
    "done": true
  },
  "mcda:recipes/crafting_items/fabric_bolt_light_gray": {
    "criteria": {
      "has_stick": "2024-07-28 05:09:34 +0000"
    },
    "done": true
  },
  "minecraft:recipes/building_blocks/diorite_stairs": {
    "criteria": {
      "has_diorite": "2024-07-28 05:11:43 +0000"
    },
    "done": true
  },
  "mcda:recipes/crafting_items/iron_scale": {
    "criteria": {
      "has_iron_ingot": "2024-07-28 05:19:09 +0000"
    },
    "done": true
  },
  "regions_unexplored:recipes/transportation/joshua_boat": {
    "criteria": {
      "in_water": "2024-07-28 05:21:51 +0000"
    },
    "done": true
  },
  "minecraft:recipes/transportation/dark_oak_boat": {
    "criteria": {
      "in_water": "2024-07-28 05:21:51 +0000"
    },
    "done": true
  },
  "regions_unexplored:recipes/building_blocks/lime_painted_planks": {
    "criteria": {
      "has_planks": "2024-07-28 05:09:15 +0000"
    },
    "done": true
  },
  "stoneworks:recipes/building_blocks/andesite_shingle_slab_from_andesite_stonecutting": {
    "criteria": {
      "has_andesite": "2024-07-28 05:11:53 +0000"
    },
    "done": true
  },
  "mcda:recipes/base_armors/vanguard_armor_helmet": {
    "criteria": {
      "has_iron_ingot": "2024-07-28 05:19:09 +0000"
    },
    "done": true
  },
  "rpg_series:root": {
    "criteria": {
      "always": "2024-07-28 05:04:50 +0000"
    },
    "done": true
  },
  "blockus:recipes/building_blocks/polished_marble_stairs_from_marble_stonecutting": {
    "criteria": {
      "has_marble": "2024-07-28 05:12:08 +0000"
    },
    "done": true
  },
  "mcda:recipes/base_armors/thief_armor_chestplate": {
    "criteria": {
      "has_iron_ingot": "2024-07-28 05:19:09 +0000"
    },
    "done": true
  },
  "stoneworks:recipes/building_blocks/diorite_brick_wall_from_diorite_stonecutting": {
    "criteria": {
      "has_diorite": "2024-07-28 05:11:43 +0000"
    },
    "done": true
  },
  "mcda:recipes/crafting_items/fabric_bolt_light_blue": {
    "criteria": {
      "has_stick": "2024-07-28 05:09:34 +0000"
    },
    "done": true
  },
  "comforts:rope_and_nail": {
    "criteria": {
      "has_iron": "2024-07-28 05:19:09 +0000"
    },
    "done": true
  },
  "mcda:recipes/base_armors/emerald_gear_chestplate": {
    "criteria": {
      "has_iron_ingot": "2024-07-28 05:19:09 +0000"
    },
    "done": true
  },
  "minecraft:recipes/building_blocks/lapis_block": {
    "criteria": {
      "has_lapis_lazuli": "2024-07-28 05:10:09 +0000"
    },
    "done": true
  },
  "croptopia:recipes/food/beef_jerky": {
    "criteria": {
      "has_the_recipe": "2024-07-28 05:05:50 +0000"
    },
    "done": true
  },
  "blockus:recipes/building_blocks/diorite_brick_slab_from_diorite_stonecutting": {
    "criteria": {
      "has_diorite": "2024-07-28 05:11:43 +0000"
    },
    "done": true
  },
  "advancednetherite:recipes/misc/netherite_diamond_ingot_from_block": {
    "criteria": {
      "has_the_recipe": "2024-07-28 05:04:51 +0000"
    },
    "done": true
  },
  "mcdw:recipes/bows/bow_twin_bow": {
    "criteria": {
      "has_iron_ingot": "2024-07-28 05:19:09 +0000"
    },
    "done": true
  },
  "adorn:recipes/stone_torch": {
    "criteria": {
      "has_stone": "2024-07-28 05:11:43 +0000"
    },
    "done": true
  },
  "stoneworks:recipes/building_blocks/diorite_plates_from_diorite_stonecutting": {
    "criteria": {
      "has_diorite": "2024-07-28 05:11:43 +0000"
    },
    "done": true
  },
  "minecraft:recipes/building_blocks/andesite_stairs": {
    "criteria": {
      "has_andesite": "2024-07-28 05:11:53 +0000"
    },
    "done": true
  },
  "minecraft:recipes/building_blocks/blue_concrete_powder": {
    "criteria": {
      "has_sand": "2024-07-28 05:11:14 +0000"
    },
    "done": true
  },
  "blockus:recipes/building_blocks/small_marble_brick_slab_from_marble_stonecutting": {
    "criteria": {
      "has_marble": "2024-07-28 05:12:08 +0000"
    },
    "done": true
  },
  "stoneworks:recipes/building_blocks/mossy_cobbled_diorite_wall_from_diorite_stonecutting": {
    "criteria": {
      "has_diorite": "2024-07-28 05:11:43 +0000"
    },
    "done": true
  },
  "croptopia:recipes/shaped_beef_stew": {
    "criteria": {
      "has_beef": "2024-07-28 05:05:50 +0000"
    },
    "done": true
  },
  "blockus:recipes/building_blocks/small_marble_brick_stairs_from_marble_stonecutting": {
    "criteria": {
      "has_marble": "2024-07-28 05:12:08 +0000"
    },
    "done": true
  },
  "minecraft:recipes/tools/shears": {
    "criteria": {
      "has_iron_ingot": "2024-07-28 05:19:09 +0000"
    },
    "done": true
  },
  "mcdw:recipes/bows/bow_wind_bow": {
    "criteria": {
      "has_iron_ingot": "2024-07-28 05:19:09 +0000"
    },
    "done": true
  },
  "minecraft:recipes/building_blocks/cobblestone_slab_from_cobblestone_stonecutting": {
    "criteria": {
      "has_cobblestone": "2024-07-28 05:09:57 +0000"
    },
    "done": true
  },
  "stoneworks:recipes/building_blocks/diorite_plate_slab_from_diorite_stonecutting": {
    "criteria": {
      "has_diorite": "2024-07-28 05:11:43 +0000"
    },
    "done": true
  },
  "blockus:recipes/building_blocks/raw_bamboo_raft": {
    "criteria": {
      "in_water": "2024-07-28 05:21:51 +0000"
    },
    "done": true
  },
  "minecraft:adventure/kill_all_mobs": {
    "criteria": {
      "minecraft:zombie": "2024-07-28 05:07:43 +0000"
    },
    "done": false
  },
  "stoneworks:recipes/building_blocks/cracked_andesite_tiles_from_andesite_stonecutting": {
    "criteria": {
      "has_andesite": "2024-07-28 05:11:53 +0000"
    },
    "done": true
  },
  "stoneworks:recipes/building_blocks/cobbled_andesite_stairs_from_andesite_stonecutting": {
    "criteria": {
      "has_andesite": "2024-07-28 05:11:53 +0000"
    },
    "done": true
  },
  "minecraft:recipes/building_blocks/iron_block": {
    "criteria": {
      "has_iron_ingot": "2024-07-28 05:19:09 +0000"
    },
    "done": true
  },
  "stoneworks:recipes/building_blocks/mossy_diorite_bricks_from_diorite_stonecutting": {
    "criteria": {
      "has_diorite": "2024-07-28 05:11:43 +0000"
    },
    "done": true
  },
  "minecraft:recipes/building_blocks/stone": {
    "criteria": {
      "has_cobblestone": "2024-07-28 05:09:57 +0000"
    },
    "done": true
  },
  "stoneworks:recipes/building_blocks/mossy_diorite_brick_wall_from_diorite_stonecutting": {
    "criteria": {
      "has_diorite": "2024-07-28 05:11:43 +0000"
    },
    "done": true
  },
  "croptopia:recipes/chilli_relleno": {
    "criteria": {
      "has_egg": "2024-07-28 05:14:09 +0000"
    },
    "done": true
  },
  "croptopia:recipes/food/pork_jerky": {
    "criteria": {
      "has_the_recipe": "2024-07-28 05:05:50 +0000"
    },
    "done": true
  },
  "minecraft:recipes/building_blocks/polished_diorite_stairs_from_diorite_stonecutting": {
    "criteria": {
      "has_diorite": "2024-07-28 05:11:43 +0000"
    },
    "done": true
  },
  "mighty_mail:recipes/decorations/post_box": {
    "criteria": {
      "has_ingots": "2024-07-28 05:19:09 +0000"
    },
    "done": true
  },
  "stoneworks:recipes/building_blocks/chiseled_diorite_from_diorite_stonecutting": {
    "criteria": {
      "has_diorite": "2024-07-28 05:11:43 +0000"
    },
    "done": true
  },
  "compressedblocks:compression/root": {
    "criteria": {
      "crafting_table": "2024-07-28 05:09:34 +0000"
    },
    "done": true
  },
  "stoneworks:recipes/building_blocks/cracked_diorite_tiles_from_diorite_stonecutting": {
    "criteria": {
      "has_diorite": "2024-07-28 05:11:43 +0000"
    },
    "done": true
  },
  "mcdw:recipes/axes/axe_firebrand": {
    "criteria": {
      "has_iron_ingot": "2024-07-28 05:19:09 +0000"
    },
    "done": true
  },
  "regions_unexplored:recipes/redstone/mauve_button": {
    "criteria": {
      "has_mauve_planks": "2024-07-28 05:09:15 +0000"
    },
    "done": true
  },
  "mcda:recipes/base_armors/mystery_armor_green_leggings": {
    "criteria": {
      "has_iron_ingot": "2024-07-28 05:19:09 +0000"
    },
    "done": true
  },
  "mcda:recipes/crafting_items/fabric_bolt_blue": {
    "criteria": {
      "has_stick": "2024-07-28 05:09:34 +0000"
    },
    "done": true
  },
  "darkbosses:info_bomd_bosses": {
    "criteria": {
      "info_bomd_bosses": "2024-07-28 05:04:51 +0000"
    },
    "done": true
  },
  "mcda:recipes/crafting_items/fabric_bolt_lime": {
    "criteria": {
      "has_stick": "2024-07-28 05:09:34 +0000"
    },
    "done": true
  },
  "minecraft:recipes/building_blocks/orange_concrete_powder": {
    "criteria": {
      "has_sand": "2024-07-28 05:11:14 +0000"
    },
    "done": true
  },
  "minecraft:recipes/building_blocks/raw_copper_block": {
    "criteria": {
      "has_raw_copper": "2024-07-28 05:20:30 +0000"
    },
    "done": true
  },
  "advancednetherite:recipes/building_blocks/netherite_gold_block": {
    "criteria": {
      "has_the_recipe": "2024-07-28 05:04:51 +0000"
    },
    "done": true
  },
  "blockus:recipes/building_blocks/andesite_brick_slab_from_andesite_stonecutting": {
    "criteria": {
      "has_andesite": "2024-07-28 05:11:53 +0000"
    },
    "done": true
  },
  "minecraft:recipes/tools/stone_pickaxe": {
    "criteria": {
      "has_cobblestone": "2024-07-28 05:09:57 +0000"
    },
    "done": true
  },
  "darktides:info_darktides": {
    "criteria": {
      "info_darktides": "2024-07-28 05:04:51 +0000"
    },
    "done": true
  },
  "dungeons_arise:wda_root": {
    "criteria": {
      "WDA": "2024-07-28 05:04:51 +0000"
    },
    "done": true
  },
  "regions_unexplored:recipes/transportation/larch_boat": {
    "criteria": {
      "in_water": "2024-07-28 05:21:51 +0000"
    },
    "done": true
  },
  "stoneworks:recipes/building_blocks/cobbled_andesite_slab_from_andesite_stonecutting": {
    "criteria": {
      "has_andesite": "2024-07-28 05:11:53 +0000"
    },
    "done": true
  },
  "mcdw:recipes/crossbows/crossbow_lightning_harp": {
    "criteria": {
      "has_creeper_head": "2024-07-28 05:21:51 +0000"
    },
    "done": true
  },
  "minecraft:recipes/tools/wooden_hoe": {
    "criteria": {
      "has_stick": "2024-07-28 05:09:34 +0000"
    },
    "done": true
  },
  "mcda:recipes/base_armors/vanguard_armor_chestplate": {
    "criteria": {
      "has_iron_ingot": "2024-07-28 05:19:09 +0000"
    },
    "done": true
  },
  "botania:recipes/tools/lexicon": {
    "criteria": {
      "has_item": "2024-07-28 05:09:03 +0000"
    },
    "done": true
  },
  "blockus:recipes/building_blocks/sturdy_stone_alt": {
    "criteria": {
      "has_cobblestone": "2024-07-28 05:09:57 +0000"
    },
    "done": true
  },
  "minecraft:recipes/tools/iron_shovel": {
    "criteria": {
      "has_iron_ingot": "2024-07-28 05:19:09 +0000"
    },
    "done": true
  },
  "stoneworks:recipes/building_blocks/andesite_tile_stairs_from_andesite_stonecutting": {
    "criteria": {
      "has_andesite": "2024-07-28 05:11:53 +0000"
    },
    "done": true
  },
  "adorn:recipes/stone_ladder": {
    "criteria": {
      "has_stone": "2024-07-28 05:11:43 +0000"
    },
    "done": true
  },
  "compressedblocks:recipes/misc/shaped_crated_apple": {
    "criteria": {
      "has_item": "2024-07-28 05:05:50 +0000"
    },
    "done": true
  },
  "croptopia:recipes/scrambled_eggs": {
    "criteria": {
      "has_egg": "2024-07-28 05:14:09 +0000"
    },
    "done": true
  },
  "blockus:recipes/building_blocks/water_bricks": {
    "criteria": {
      "has_water_bucket": "2024-07-28 05:21:56 +0000"
    },
    "done": true
  },
  "advancednetherite:recipes/misc/netherite_gold_ingot": {
    "criteria": {
      "has_the_recipe": "2024-07-28 05:04:51 +0000"
    },
    "done": true
  },
  "stoneworks:recipes/building_blocks/chiseled_andesite_from_andesite_stonecutting": {
    "criteria": {
      "has_andesite": "2024-07-28 05:11:53 +0000"
    },
    "done": true
  },
  "blockus:recipes/building_blocks/limestone": {
    "criteria": {
      "has_cobblestone": "2024-07-28 05:09:57 +0000"
    },
    "done": true
  },
  "minecraft:recipes/building_blocks/mossy_cobblestone_slab_from_mossy_cobblestone_stonecutting": {
    "criteria": {
      "has_mossy_cobblestone": "2024-07-28 05:09:59 +0000"
    },
    "done": true
  },
  "stoneworks:recipes/building_blocks/mossy_diorite_brick_stairs_from_diorite_stonecutting": {
    "criteria": {
      "has_diorite": "2024-07-28 05:11:43 +0000"
    },
    "done": true
  },
  "mcda:recipes/base_armors/climbing_gear_boots": {
    "criteria": {
      "has_leather_boots": "2024-07-28 05:05:50 +0000"
    },
    "done": true
  },
  "minecraft:recipes/brewing/cauldron": {
    "criteria": {
      "has_water_bucket": "2024-07-28 05:21:56 +0000"
    },
    "done": true
  },
  "mcda:recipes/base_armors/dark_armor_chestplate": {
    "criteria": {
      "has_iron_ingot": "2024-07-28 05:19:09 +0000"
    },
    "done": true
  },
  "mcda:recipes/base_armors/dark_armor_helmet": {
    "criteria": {
      "has_iron_ingot": "2024-07-28 05:19:09 +0000"
    },
    "done": true
  },
  "minecraft:adventure/root": {
    "criteria": {
      "killed_by_something": "2024-07-28 05:05:28 +0000"
    },
    "done": true
  },
  "stoneworks:recipes/building_blocks/andesite_shingle_stairs_from_andesite_stonecutting": {
    "criteria": {
      "has_andesite": "2024-07-28 05:11:53 +0000"
    },
    "done": true
  },
  "stoneworks:recipes/building_blocks/mossy_diorite_brick_slab_from_diorite_stonecutting": {
    "criteria": {
      "has_diorite": "2024-07-28 05:11:43 +0000"
    },
    "done": true
  },
  "minecraft:recipes/combat/crossbow": {
    "criteria": {
      "has_iron_ingot": "2024-07-28 05:19:09 +0000"
    },
    "done": true
  },
  "minecraft:recipes/decorations/barrel": {
    "criteria": {
      "has_planks": "2024-07-28 05:09:15 +0000"
    },
    "done": true
  },
  "mcdw:recipes/sickles/sickle_sickle": {
    "criteria": {
      "has_iron_ingot": "2024-07-28 05:19:09 +0000"
    },
    "done": true
  },
  "blockus:recipes/building_blocks/marble_slab": {
    "criteria": {
      "has_marble": "2024-07-28 05:12:08 +0000"
    },
    "done": true
  },
  "blockus:recipes/building_blocks/marble_brick_wall_from_marble_stonecutting": {
    "criteria": {
      "has_marble": "2024-07-28 05:12:08 +0000"
    },
    "done": true
  },
  "mcdw:recipes/spears/spear_whispering_spear": {
    "criteria": {
      "has_base": "2024-07-28 05:05:50 +0000"
    },
    "done": true
  },
  "minecraft:recipes/building_blocks/polished_diorite_slab_from_diorite_stonecutting": {
    "criteria": {
      "has_diorite": "2024-07-28 05:11:43 +0000"
    },
    "done": true
  },
  "stoneworks:recipes/building_blocks/mossy_cobbled_andesite_stairs_from_andesite_stonecutting": {
    "criteria": {
      "has_andesite": "2024-07-28 05:11:53 +0000"
    },
    "done": true
  },
  "regions_unexplored:recipes/decorations/mauve_sign": {
    "criteria": {
      "has_mauve_planks": "2024-07-28 05:09:15 +0000"
    },
    "done": true
  },
  "minecraft:recipes/building_blocks/purple_concrete_powder": {
    "criteria": {
      "has_sand": "2024-07-28 05:11:14 +0000"
    },
    "done": true
  },
  "stoneworks:recipes/building_blocks/diorite_brick_slab_from_diorite_stonecutting": {
    "criteria": {
      "has_diorite": "2024-07-28 05:11:43 +0000"
    },
    "done": true
  },
  "advancednetherite:recipes/misc/netherite_gold_ingot_from_block": {
    "criteria": {
      "has_the_recipe": "2024-07-28 05:04:51 +0000"
    },
    "done": true
  },
  "regions_unexplored:parent": {
    "criteria": {
      "load_in_world": "2024-07-28 05:04:51 +0000"
    },
    "done": true
  },
  "stoneworks:recipes/building_blocks/andesite_tile_wall_from_andesite_stonecutting": {
    "criteria": {
      "has_andesite": "2024-07-28 05:11:53 +0000"
    },
    "done": true
  },
  "minecraft:recipes/food/cooked_beef": {
    "criteria": {
      "has_beef": "2024-07-28 05:05:50 +0000"
    },
    "done": true
  },
  "minecraft:recipes/redstone/heavy_weighted_pressure_plate": {
    "criteria": {
      "has_iron_ingot": "2024-07-28 05:19:09 +0000"
    },
    "done": true
  },
  "regions_unexplored:recipes/transportation/blackwood_boat": {
    "criteria": {
      "in_water": "2024-07-28 05:21:51 +0000"
    },
    "done": true
  },
  "stoneworks:recipes/building_blocks/diorite_paver_wall_from_diorite_stonecutting": {
    "criteria": {
      "has_diorite": "2024-07-28 05:11:43 +0000"
    },
    "done": true
  },
  "mcda:recipes/crafting_items/fabric_bolt_purple": {
    "criteria": {
      "has_stick": "2024-07-28 05:09:34 +0000"
    },
    "done": true
  },
  "minecraft:recipes/food/cake": {
    "criteria": {
      "has_egg": "2024-07-28 05:14:09 +0000"
    },
    "done": true
  },
  "blockus:recipes/building_blocks/legacy_mossy_cobblestone_from_mossy_cobblestone_stonecutting": {
    "criteria": {
      "has_mossy_cobblestone": "2024-07-28 05:09:59 +0000"
    },
    "done": true
  },
  "mcda:recipes/crafting_items/fabric_bolt_orange": {
    "criteria": {
      "has_stick": "2024-07-28 05:09:34 +0000"
    },
    "done": true
  },
  "spectrum:unlocks/trinkets/totem_pendant": {
    "criteria": {
      "collected_totem_of_undying": "2024-07-28 05:04:51 +0000"
    },
    "done": false
  },
  "stoneworks:recipes/building_blocks/andesite_shingles_from_andesite_stonecutting": {
    "criteria": {
      "has_andesite": "2024-07-28 05:11:53 +0000"
    },
    "done": true
  },
  "regions_unexplored:recipes/transportation/eucalyptus_boat": {
    "criteria": {
      "in_water": "2024-07-28 05:21:51 +0000"
    },
    "done": true
  },
  "minecraft:recipes/building_blocks/glass": {
    "criteria": {
      "has_smelts_to_glass": "2024-07-28 05:11:14 +0000"
    },
    "done": true
  },
  "blockus:recipes/building_blocks/polished_marble_from_marble_stonecutting": {
    "criteria": {
      "has_marble": "2024-07-28 05:12:08 +0000"
    },
    "done": true
  },
  "minecraft:recipes/transportation/minecart": {
    "criteria": {
      "has_iron_ingot": "2024-07-28 05:19:09 +0000"
    },
    "done": true
  },
  "minecraft:recipes/food/baked_potato": {
    "criteria": {
      "has_potato": "2024-07-28 05:11:34 +0000"
    },
    "done": true
  },
  "mcda:recipes/base_armors/mystery_armor_red_leggings": {
    "criteria": {
      "has_iron_ingot": "2024-07-28 05:19:09 +0000"
    },
    "done": true
  },
  "blockus:recipes/building_blocks/potato_crate": {
    "criteria": {
      "has_potato": "2024-07-28 05:11:34 +0000"
    },
    "done": true
  },
  "regions_unexplored:recipes/building_blocks/white_painted_planks": {
    "criteria": {
      "has_planks": "2024-07-28 05:09:15 +0000"
    },
    "done": true
  },
  "adorn:recipes/cobblestone_post": {
    "criteria": {
      "has_cobblestone": "2024-07-28 05:09:57 +0000"
    },
    "done": true
  },
  "blockus:recipes/building_blocks/white_oak_boat": {
    "criteria": {
      "in_water": "2024-07-28 05:21:51 +0000"
    },
    "done": true
  },
  "darkbosses:root": {
    "criteria": {
      "darkbosses_info_extras": "2024-07-28 05:04:51 +0000"
    },
    "done": true
  },
  "mcdw:recipes/daggers/dagger_moon": {
    "criteria": {
      "has_iron_ingot": "2024-07-28 05:19:09 +0000"
    },
    "done": true
  },
  "regions_unexplored:recipes/transportation/palm_boat": {
    "criteria": {
      "in_water": "2024-07-28 05:21:51 +0000"
    },
    "done": true
  },
  "minecraft:recipes/decorations/chain": {
    "criteria": {
      "has_iron_ingot": "2024-07-28 05:19:09 +0000"
    },
    "done": true
  },
  "lootr:root": {
    "criteria": {
      "always_true": "2024-07-28 05:04:51 +0000"
    },
    "done": true
  },
  "mcdw:recipes/swords/sword_cutlass": {
    "criteria": {
      "has_iron_ingot": "2024-07-28 05:19:09 +0000"
    },
    "done": true
  },
  "stoneworks:recipes/building_blocks/andesite_brick_slab_from_andesite_stonecutting": {
    "criteria": {
      "has_andesite": "2024-07-28 05:11:53 +0000"
    },
    "done": true
  },
  "mcda:recipes/crafting_items/fabric_bolt_black": {
    "criteria": {
      "has_stick": "2024-07-28 05:09:34 +0000"
    },
    "done": true
  },
  "minecraft:recipes/decorations/smithing_table": {
    "criteria": {
      "has_iron_ingot": "2024-07-28 05:19:09 +0000"
    },
    "done": true
  },
  "darkrpg:wooden_axe": {
    "criteria": {
      "darkrpg_wooden_axe": "2024-07-28 05:09:49 +0000"
    },
    "done": true
  },
  "blockus:recipes/building_blocks/sandy_bricks": {
    "criteria": {
      "has_sand": "2024-07-28 05:11:14 +0000"
    },
    "done": true
  },
  "advancednetherite:recipes/misc/netherite_emerald_ingot": {
    "criteria": {
      "has_the_recipe": "2024-07-28 05:04:51 +0000"
    },
    "done": true
  },
  "mcdw:recipes/bows/bow_elite_power_bow": {
    "criteria": {
      "has_iron_ingot": "2024-07-28 05:19:09 +0000"
    },
    "done": true
  },
  "minecraft:husbandry/root": {
    "criteria": {
      "consumed_item": "2024-07-28 05:15:14 +0000"
    },
    "done": true
  },
  "mcdw:recipes/crossbows/crossbow_voidcaller_crossbow": {
    "criteria": {
      "has_iron_ingot": "2024-07-28 05:19:09 +0000"
    },
    "done": true
  },
  "stoneworks:recipes/building_blocks/andesite_paver_wall_from_andesite_stonecutting": {
    "criteria": {
      "has_andesite": "2024-07-28 05:11:53 +0000"
    },
    "done": true
  },
  "minecraft:recipes/decorations/torch": {
    "criteria": {
      "has_stone_pickaxe": "2024-07-28 05:11:21 +0000"
    },
    "done": true
  },
  "regions_unexplored:recipes/building_blocks/pink_painted_planks": {
    "criteria": {
      "has_planks": "2024-07-28 05:09:15 +0000"
    },
    "done": true
  },
  "blockus:recipes/redstone/marble_pressure_plate": {
    "criteria": {
      "has_marble": "2024-07-28 05:12:08 +0000"
    },
    "done": true
  },
  "regions_unexplored:recipes/transportation/mauve_boat": {
    "criteria": {
      "in_water": "2024-07-28 05:21:51 +0000"
    },
    "done": true
  },
  "mcda:recipes/base_armors/mystery_armor_purple_chestplate": {
    "criteria": {
      "has_iron_ingot": "2024-07-28 05:19:09 +0000"
    },
    "done": true
  },
  "mcdw:recipes/longbows/bow_red_snake": {
    "criteria": {
      "has_iron_ingot": "2024-07-28 05:19:09 +0000"
    },
    "done": true
  },
  "regions_unexplored:recipes/building_blocks/magenta_painted_planks": {
    "criteria": {
      "has_planks": "2024-07-28 05:09:15 +0000"
    },
    "done": true
  },
  "mcda:recipes/base_armors/thief_armor_leggings": {
    "criteria": {
      "has_iron_ingot": "2024-07-28 05:19:09 +0000"
    },
    "done": true
  },
  "blockus:recipes/building_blocks/marble_brick_slab_from_marble_stonecutting": {
    "criteria": {
      "has_marble": "2024-07-28 05:12:08 +0000"
    },
    "done": true
  },
  "minecraft:recipes/building_blocks/polished_andesite": {
    "criteria": {
      "has_andesite": "2024-07-28 05:11:53 +0000"
    },
    "done": true
  },
  "croptopia:recipes/fruit_salad": {
    "criteria": {
      "has_apple": "2024-07-28 05:05:50 +0000"
    },
    "done": true
  },
  "blockus:recipes/building_blocks/herringbone_diorite_bricks_from_diorite_stonecutting": {
    "criteria": {
      "has_diorite": "2024-07-28 05:11:43 +0000"
    },
    "done": true
  },
  "croptopia:recipes/shaped_water_bottle": {
    "criteria": {
      "has_water": "2024-07-28 05:21:56 +0000"
    },
    "done": true
  },
  "mcda:recipes/base_armors/emerald_gear_boots": {
    "criteria": {
      "has_iron_ingot": "2024-07-28 05:19:09 +0000"
    },
    "done": true
  },
  "regions_unexplored:recipes/redstone/mauve_trapdoor": {
    "criteria": {
      "has_mauve_planks": "2024-07-28 05:09:15 +0000"
    },
    "done": true
  },
  "minecraft:recipes/building_blocks/gray_concrete_powder": {
    "criteria": {
      "has_sand": "2024-07-28 05:11:14 +0000"
    },
    "done": true
  },
  "compressedblocks:recipes/building_blocks/shaped_c0_mossy_cobblestone": {
    "criteria": {
      "has_item": "2024-07-28 05:09:59 +0000"
    },
    "done": true
  },
  "mcdw:recipes/swords/sword_claymore": {
    "criteria": {
      "has_iron_ingot": "2024-07-28 05:19:09 +0000"
    },
    "done": true
  },
  "stoneworks:recipes/building_blocks/mossy_cobbled_andesite_wall_from_andesite_stonecutting": {
    "criteria": {
      "has_andesite": "2024-07-28 05:11:53 +0000"
    },
    "done": true
  },
  "minecraft:recipes/decorations/andesite_wall": {
    "criteria": {
      "has_andesite": "2024-07-28 05:11:53 +0000"
    },
    "done": true
  },
  "stoneworks:recipes/building_blocks/andesite_paver_stairs_from_andesite_stonecutting": {
    "criteria": {
      "has_andesite": "2024-07-28 05:11:53 +0000"
    },
    "done": true
  },
  "advancednetherite:recipes/misc/netherite_iron_ingot": {
    "criteria": {
      "has_the_recipe": "2024-07-28 05:04:51 +0000"
    },
    "done": true
  },
  "minecraft:recipes/misc/copper_ingot_from_smelting_raw_copper": {
    "criteria": {
      "has_raw_copper": "2024-07-28 05:20:30 +0000"
    },
    "done": true
  },
  "DataVersion": 3465
}